0,ABHD11-AS1,1,NR_026690.1,8,0,0
1,ABHD11-AS1,1,NR_026690.1,8,0,0
2,ADAMTS9-AS2,1,NR_038264.1,11,1,0
3,ADPGK-AS1,1,NR_040107.1,22,2,0
4,AFAP1-AS1,1,NR_026892.1,36,1,0
5,AFAP1-AS1,1,NR_026892.1,36,1,0
6,AFAP1-AS1,1,NR_026892.1,36,1,0
7,AFAP1-AS1,1,NR_026892.1,36,1,0
8,AFAP1-AS1,1,NR_026892.1,36,1,0
9,AFAP1-AS1,1,NR_026892.1,36,1,0
10,AFAP1-AS1,1,NR_026892.1,36,1,0
11,AGAP2-AS1,1,NR_027032.1,12,4,0
12,"ANCR
DANCR",3,NR_024031.2,5,1,0
13,"ANCR
DANCR",3,NR_145129.1,6,1,0
14,"ANCR
DANCR",3,NR_145130.1,6,1,0
15,"ANRIL
CDKN2B-AS1",14,NR_003529.3,21,0,0
16,"ANRIL
CDKN2B-AS1",14,NR_047532.1,16,0,0
17,"ANRIL
CDKN2B-AS1",14,NR_047543.1,10,0,0
18,"ANRIL
CDKN2B-AS1",14,NR_047534.1,10,0,0
19,"ANRIL
CDKN2B-AS1",14,NR_047535.1,9,0,0
20,"ANRIL
CDKN2B-AS1",14,NR_047536.1,7,0,0
21,"ANRIL
CDKN2B-AS1",14,NR_047537.1,9,0,0
22,"ANRIL
CDKN2B-AS1",14,NR_047538.1,7,0,0
23,"ANRIL
CDKN2B-AS1",14,NR_047539.1,17,0,0
24,"ANRIL
CDKN2B-AS1",14,NR_047540.1,10,0,0
25,"ANRIL
CDKN2B-AS1",14,NR_047541.1,10,0,0
26,"ANRIL
CDKN2B-AS1",14,NR_047542.1,8,0,0
27,"ANRIL
CDKN2B-AS1",14,NR_047533.1,6,0,0
28,"ANRIL
CDKN2B-AS1",14,NR_120536.1,6,0,0
29,"ANRIL
CDKN2B-AS1",14,NR_003529.3,21,0,0
30,"ANRIL
CDKN2B-AS1",14,NR_047532.1,16,0,0
31,"ANRIL
CDKN2B-AS1",14,NR_047543.1,10,0,0
32,"ANRIL
CDKN2B-AS1",14,NR_047534.1,10,0,0
33,"ANRIL
CDKN2B-AS1",14,NR_047535.1,9,0,0
34,"ANRIL
CDKN2B-AS1",14,NR_047536.1,7,0,0
35,"ANRIL
CDKN2B-AS1",14,NR_047537.1,9,0,0
36,"ANRIL
CDKN2B-AS1",14,NR_047538.1,7,0,0
37,"ANRIL
CDKN2B-AS1",14,NR_047539.1,17,0,0
38,"ANRIL
CDKN2B-AS1",14,NR_047540.1,10,0,0
39,"ANRIL
CDKN2B-AS1",14,NR_047541.1,10,0,0
40,"ANRIL
CDKN2B-AS1",14,NR_047542.1,8,0,0
41,"ANRIL
CDKN2B-AS1",14,NR_047533.1,6,0,0
42,"ANRIL
CDKN2B-AS1",14,NR_120536.1,6,0,0
43,"ANRIL
CDKN2B-AS1",14,NR_003529.3,21,0,0
44,"ANRIL
CDKN2B-AS1",14,NR_047532.1,16,0,0
45,"ANRIL
CDKN2B-AS1",14,NR_047543.1,10,0,0
46,"ANRIL
CDKN2B-AS1",14,NR_047534.1,10,0,0
47,"ANRIL
CDKN2B-AS1",14,NR_047535.1,9,0,0
48,"ANRIL
CDKN2B-AS1",14,NR_047536.1,7,0,0
49,"ANRIL
CDKN2B-AS1",14,NR_047537.1,9,0,0
50,"ANRIL
CDKN2B-AS1",14,NR_047538.1,7,0,0
51,"ANRIL
CDKN2B-AS1",14,NR_047539.1,17,0,0
52,"ANRIL
CDKN2B-AS1",14,NR_047540.1,10,0,0
53,"ANRIL
CDKN2B-AS1",14,NR_047541.1,10,0,0
54,"ANRIL
CDKN2B-AS1",14,NR_047542.1,8,0,0
55,"ANRIL
CDKN2B-AS1",14,NR_047533.1,6,0,0
56,"ANRIL
CDKN2B-AS1",14,NR_120536.1,6,0,0
57,"ANRIL
CDKN2B-AS1",14,NR_003529.3,21,0,0
58,"ANRIL
CDKN2B-AS1",14,NR_047532.1,16,0,0
59,"ANRIL
CDKN2B-AS1",14,NR_047543.1,10,0,0
60,"ANRIL
CDKN2B-AS1",14,NR_047534.1,10,0,0
61,"ANRIL
CDKN2B-AS1",14,NR_047535.1,9,0,0
62,"ANRIL
CDKN2B-AS1",14,NR_047536.1,7,0,0
63,"ANRIL
CDKN2B-AS1",14,NR_047537.1,9,0,0
64,"ANRIL
CDKN2B-AS1",14,NR_047538.1,7,0,0
65,"ANRIL
CDKN2B-AS1",14,NR_047539.1,17,0,0
66,"ANRIL
CDKN2B-AS1",14,NR_047540.1,10,0,0
67,"ANRIL
CDKN2B-AS1",14,NR_047541.1,10,0,0
68,"ANRIL
CDKN2B-AS1",14,NR_047542.1,8,0,0
69,"ANRIL
CDKN2B-AS1",14,NR_047533.1,6,0,0
70,"ANRIL
CDKN2B-AS1",14,NR_120536.1,6,0,0
71,"ANRIL
CDKN2B-AS1",14,NR_003529.3,21,0,0
72,"ANRIL
CDKN2B-AS1",14,NR_047532.1,16,0,0
73,"ANRIL
CDKN2B-AS1",14,NR_047543.1,10,0,0
74,"ANRIL
CDKN2B-AS1",14,NR_047534.1,10,0,0
75,"ANRIL
CDKN2B-AS1",14,NR_047535.1,9,0,0
76,"ANRIL
CDKN2B-AS1",14,NR_047536.1,7,0,0
77,"ANRIL
CDKN2B-AS1",14,NR_047537.1,9,0,0
78,"ANRIL
CDKN2B-AS1",14,NR_047538.1,7,0,0
79,"ANRIL
CDKN2B-AS1",14,NR_047539.1,17,0,0
80,"ANRIL
CDKN2B-AS1",14,NR_047540.1,10,0,0
81,"ANRIL
CDKN2B-AS1",14,NR_047541.1,10,0,0
82,"ANRIL
CDKN2B-AS1",14,NR_047542.1,8,0,0
83,"ANRIL
CDKN2B-AS1",14,NR_047533.1,6,0,0
84,"ANRIL
CDKN2B-AS1",14,NR_120536.1,6,0,0
85,"AWPPH
MIR4435-2HG",8,NR_015395.2,23,0,0
86,"AWPPH
MIR4435-2HG",8,NR_024373.2,5,0,0
87,"AWPPH
MIR4435-2HG",8,NR_136161.1,10,0,0
88,"AWPPH
MIR4435-2HG",8,NR_136162.1,24,0,0
89,"AWPPH
MIR4435-2HG",8,NR_136163.1,15,0,0
90,"AWPPH
MIR4435-2HG",8,NR_136164.1,10,0,0
91,"AWPPH
MIR4435-2HG",8,NR_136165.1,8,0,0
92,"AWPPH
MIR4435-2HG",8,NR_136166.1,21,0,0
93,B3GALT5-AS1,2,NR_026542.1,15,1,0
94,B3GALT5-AS1,2,NR_026543.1,11,0,0
95,B3GALT5-AS1,2,NR_026542.1,15,1,0
96,B3GALT5-AS1,2,NR_026543.1,11,0,0
97,B4GALT1-AS1,3,NR_108108.1,6,0,0
98,B4GALT1-AS1,3,NR_108109.1,5,0,0
99,B4GALT1-AS1,3,NR_108110.1,4,0,0
100,"BA318C17.1
MACROD2-AS1",3,NR_072988.2,6,0,0
101,"BA318C17.1
MACROD2-AS1",3,NR_037841.3,3,0,0
102,"BA318C17.1
MACROD2-AS1",3,NR_110318.1,1,0,0
103,BACE1-AS,1,NR_037803.2,6,1,0
104,BANCR,1,NR_047671.2,4,0,0
105,BANCR,1,NR_047671.2,4,0,0
106,BANCR,1,NR_047671.2,4,0,0
107,BANCR,1,NR_047671.2,4,0,0
108,BANCR,1,NR_047671.2,4,0,0
109,BANCR,1,NR_047671.2,4,0,0
110,BBOX1-AS1,3,NR_125766.1,4,0,0
111,BBOX1-AS1,3,NR_125767.1,2,0,0
112,BBOX1-AS1,3,NR_125768.1,1,0,0
113,"BC200
BCYRN1",1,NR_001568.1,2,0,0
114,BCAR4,5,NR_024049.1,5,0,0
115,BCAR4,5,NR_024050.1,2,0,0
116,BCAR4,5,NR_131216.1,1,0,0
117,BCAR4,5,NR_131217.1,2,0,0
118,BCAR4,5,NR_131222.1,2,0,0
119,BCAR4,5,NR_024049.1,5,0,0
120,BCAR4,5,NR_024050.1,2,0,0
121,BCAR4,5,NR_131216.1,1,0,0
122,BCAR4,5,NR_131217.1,2,0,0
123,BCAR4,5,NR_131222.1,2,0,0
124,BDNF-AS,5,NR_033313.1,3,0,0
125,BDNF-AS,5,NR_033315.1,5,0,0
126,BDNF-AS,5,NR_033312.1,7,0,0
127,BDNF-AS,5,NR_033314.1,7,1,0
128,BDNF-AS,5,NR_002832.2,9,1,0
129,BLACAT1,1,NR_103783.1,21,0,0
130,BLACAT1,1,NR_103783.1,21,0,0
131,BLACAT1,1,NR_103783.1,21,0,0
132,"BLACAT2
LINC00958",1,NR_038904.1,10,0,0
133,"C20orf200
MIR1-1HG-AS1",1,NR_033263.1,32,9,0
134,CA3-AS1,4,NR_121630.1,6,0,0
135,CA3-AS1,4,NR_121631.1,6,0,0
136,CA3-AS1,4,NR_121632.1,6,0,0
137,CA3-AS1,4,NR_121633.1,2,0,0
138,CACNA1G-AS1,1,NR_038439.1,15,0,0
139,"CACS15
CASC15",1,NR_015410.2,18,0,0
140,CAHM,1,NR_037593.1,5,4,0
141,"CALIC
LINC00920",1,NR_046242.1,4,1,0
142,CASC11,2,NR_117101.1,3,0,0
143,CASC11,2,NR_117102.1,3,0,0
144,CASC19,1,NR_120364.1,2,0,0
145,CASC19,1,NR_120364.1,2,0,0
146,CASC2,3,NR_026939.1,15,2,0
147,CASC2,3,NR_026940.1,15,2,0
148,CASC2,3,NR_026941.1,7,2,0
149,CASC2,3,NR_026939.1,15,2,0
150,CASC2,3,NR_026940.1,15,2,0
151,CASC2,3,NR_026941.1,7,2,0
152,CASC2,3,NR_026939.1,15,2,0
153,CASC2,3,NR_026940.1,15,2,0
154,CASC2,3,NR_026941.1,7,2,0
155,CASC2,3,NR_026939.1,15,2,0
156,CASC2,3,NR_026940.1,15,2,0
157,CASC2,3,NR_026941.1,7,2,0
158,CASC21,1,NR_117099.1,3,0,0
159,CASC21,1,NR_117099.1,3,0,0
160,CASC9,3,NR_103848.1,5,0,0
161,CASC9,3,NR_103850.2,4,0,0
162,CASC9,3,NR_103849.2,4,0,0
163,CASC9,3,NR_103848.1,5,0,0
164,CASC9,3,NR_103850.2,4,0,0
165,CASC9,3,NR_103849.2,4,0,0
166,CCAT1,1,NR_108049.1,9,0,0
167,CCAT1,1,NR_108049.1,9,0,0
168,CCAT1,1,NR_108049.1,9,0,0
169,CCAT1,1,NR_108049.1,9,0,0
170,CCAT1,1,NR_108049.1,9,0,0
171,CCAT1,1,NR_108049.1,9,0,0
172,CCAT1,1,NR_108049.1,9,0,0
173,CCAT1,1,NR_108049.1,9,0,0
174,CCAT1,1,NR_108049.1,9,0,0
175,CCAT1,1,NR_108049.1,9,0,0
176,CCAT1,1,NR_108049.1,9,0,0
177,CCAT1,1,NR_108049.1,9,0,0
178,CCAT1,1,NR_108049.1,9,0,0
179,CCAT1,1,NR_108049.1,9,0,0
180,CCAT1,1,NR_108049.1,9,0,0
181,CCAT1,1,NR_108049.1,9,0,0
182,CCAT2,1,NR_109834.1,6,0,0
183,CCAT2,1,NR_109834.1,6,0,0
184,CCAT2,1,NR_109834.1,6,0,0
185,CCAT2,1,NR_109834.1,6,0,0
186,CCAT2,1,NR_109834.1,6,0,0
187,CCAT2,1,NR_109834.1,6,0,0
188,CCAT2,1,NR_109834.1,6,0,0
189,CCAT2,1,NR_109834.1,6,0,0
190,CCAT2,1,NR_109834.1,6,0,0
191,CCAT2,1,NR_109834.1,6,0,0
192,"CCAT7
DLGAP4-AS1",1,NR_109939.1,7,0,0
193,"CCHE1
CCEPR",1,NR_131782.1,17,0,0
194,CPS1-IT1,1,NR_002763.2,7,0,0
195,CPS1-IT1,1,NR_002763.2,7,0,0
196,CRNDE,5,NR_034105.4,5,0,0
197,CRNDE,5,NR_034106.3,7,2,0
198,CRNDE,5,NR_110453.2,5,0,0
199,CRNDE,5,NR_110454.2,7,2,0
200,CRNDE,5,NR_170995.1,7,2,0
201,CRNDE,5,NR_034105.4,5,0,0
202,CRNDE,5,NR_034106.3,7,2,0
203,CRNDE,5,NR_110453.2,5,0,0
204,CRNDE,5,NR_110454.2,7,2,0
205,CRNDE,5,NR_170995.1,7,2,0
206,CRNDE,5,NR_034105.4,5,0,0
207,CRNDE,5,NR_034106.3,7,2,0
208,CRNDE,5,NR_110453.2,5,0,0
209,CRNDE,5,NR_110454.2,7,2,0
210,CRNDE,5,NR_170995.1,7,2,0
211,CRNDE,5,NR_034105.4,5,0,0
212,CRNDE,5,NR_034106.3,7,2,0
213,CRNDE,5,NR_110453.2,5,0,0
214,CRNDE,5,NR_110454.2,7,2,0
215,CRNDE,5,NR_170995.1,7,2,0
216,CRNDE,5,NR_034105.4,5,0,0
217,CRNDE,5,NR_034106.3,7,2,0
218,CRNDE,5,NR_110453.2,5,0,0
219,CRNDE,5,NR_110454.2,7,2,0
220,CRNDE,5,NR_170995.1,7,2,0
221,CRNDE,5,NR_034105.4,5,0,0
222,CRNDE,5,NR_034106.3,7,2,0
223,CRNDE,5,NR_110453.2,5,0,0
224,CRNDE,5,NR_110454.2,7,2,0
225,CRNDE,5,NR_170995.1,7,2,0
226,CRNDE,5,NR_034105.4,5,0,0
227,CRNDE,5,NR_034106.3,7,2,0
228,CRNDE,5,NR_110453.2,5,0,0
229,CRNDE,5,NR_110454.2,7,2,0
230,CRNDE,5,NR_170995.1,7,2,0
231,CRNDE,5,NR_034105.4,5,0,0
232,CRNDE,5,NR_034106.3,7,2,0
233,CRNDE,5,NR_110453.2,5,0,0
234,CRNDE,5,NR_110454.2,7,2,0
235,CRNDE,5,NR_170995.1,7,2,0
236,CRNDE,5,NR_034105.4,5,0,0
237,CRNDE,5,NR_034106.3,7,2,0
238,CRNDE,5,NR_110453.2,5,0,0
239,CRNDE,5,NR_110454.2,7,2,0
240,CRNDE,5,NR_170995.1,7,2,0
241,"CTA-941F9.9
LINC01589",1,NR_131244.1,3,0,0
242,CYTOR,5,NR_024204.2,4,0,0
243,CYTOR,5,NR_024205.3,6,0,0
244,CYTOR,5,NR_024206.2,4,0,0
245,CYTOR,5,NR_146460.1,4,0,0
246,CYTOR,5,NR_146461.1,3,0,0
247,CYTOR,5,NR_024204.2,4,0,0
248,CYTOR,5,NR_024205.3,6,0,0
249,CYTOR,5,NR_024206.2,4,0,0
250,CYTOR,5,NR_146460.1,4,0,0
251,CYTOR,5,NR_146461.1,3,0,0
252,CYTOR,5,NR_024204.2,4,0,0
253,CYTOR,5,NR_024205.3,6,0,0
254,CYTOR,5,NR_024206.2,4,0,0
255,CYTOR,5,NR_146460.1,4,0,0
256,CYTOR,5,NR_146461.1,3,0,0
257,DDX11-AS1,1,NR_038927.2,10,1,0
258,DGCR5,5,NR_002733.2,29,3,0
259,DGCR5,5,NR_045121.1,29,3,0
260,DGCR5,5,NR_110533.1,11,0,0
261,DGCR5,5,NR_026651.1,5,2,0
262,DGCR5,5,NR_024159.1,25,3,0
263,DLEU1,3,NR_109973.1,10,0,0
264,DLEU1,3,NR_002605.2,9,0,0
265,DLEU1,3,NR_109974.1,8,0,0
266,DLEU7-AS1,1,NR_046551.1,7,0,0
267,DLX6-AS1,1,NR_015448.1,9,0,0
268,DLX6-AS1,1,NR_015448.1,9,0,0
269,DPP10-AS1,1,NR_036580.1,6,1,0
270,DSCAM-AS1,4,NR_038896.1,12,0,0
271,DSCAM-AS1,4,NR_038898.1,7,0,0
272,DSCAM-AS1,4,NR_038899.1,8,0,0
273,DSCAM-AS1,4,NR_038900.1,7,0,0
274,DUXAP10,1,NR_110526.1,12,0,0
275,DUXAP8,1,NR_122113.1,11,0,0
276,DUXAP8,1,NR_122113.1,11,0,0
277,"EIF3J-AS1
EIF3J-DT",2,NR_034170.1,14,2,0
278,"EIF3J-AS1
EIF3J-DT",2,NR_034171.1,10,0,0
279,ELFN1-AS1,3,NR_120508.1,6,0,0
280,ELFN1-AS1,3,NR_120509.1,6,0,0
281,ELFN1-AS1,3,NR_120510.1,5,0,0
282,EWSAT1,1,NR_026949.1,14,1,0
283,EZR-AS1,1,NR_102425.1,3,0,0
284,"FAL1
FALEC",1,NR_051960.1,8,0,0
285,"FAL1
FALEC",1,NR_051960.1,8,0,0
286,"FAL1
FALEC",1,NR_051960.1,8,0,0
287,FAM3D-AS1,1,NR_134853.1,7,0,0
288,FBXL19-AS1,1,NR_024348.1,31,2,0
289,FENDRR,2,NR_033925.1,14,0,0
290,FENDRR,2,NR_036444.1,23,1,0
291,FENDRR,2,NR_033925.1,14,0,0
292,FENDRR,2,NR_036444.1,23,1,0
293,FER1L4,1,NR_119376.1,83,2,0
294,FEZF1-AS1,1,NR_036484.1,21,1,0
295,FEZF1-AS1,1,NR_036484.1,21,1,0
296,FEZF1-AS1,1,NR_036484.1,21,1,0
297,FGD5-AS1,5,NR_046251.1,17,1,0
298,FGD5-AS1,5,NR_046252.1,21,0,0
299,FGD5-AS1,5,NR_046253.1,20,0,0
300,FGD5-AS1,5,NR_046254.1,20,0,0
301,FGD5-AS1,5,NR_046255.1,15,2,0
302,FOXD2-AS1,1,NR_026878.1,21,3,0
303,FOXD2-AS1,1,NR_026878.1,21,3,0
304,FOXD3-AS1,4,NR_121634.1,11,0,0
305,FOXD3-AS1,4,NR_121635.1,6,1,0
306,FOXD3-AS1,4,NR_121636.1,8,0,0
307,FOXD3-AS1,4,NR_121637.1,8,0,0
308,FOXP4-AS1,3,NR_126415.1,2,0,0
309,FOXP4-AS1,3,NR_126416.1,2,0,0
310,FOXP4-AS1,3,NR_126417.1,1,0,0
311,FTX,1,NR_028379.1,8,0,0
312,FTX,1,NR_028379.1,8,0,0
313,FTX,1,NR_028379.1,8,0,0
314,FTX,1,NR_028379.1,8,0,0
315,GACAT3,1,NR_126559.1,6,0,0
316,GAPLINC,2,NR_110429.1,3,0,0
317,GAPLINC,2,NR_110428.1,3,0,0
318,GAPLINC,2,NR_110429.1,3,0,0
319,GAPLINC,2,NR_110428.1,3,0,0
320,GAS5,15,NR_002578.3,5,0,0
321,GAS5,15,NR_152521.1,6,0,0
322,GAS5,15,NR_152522.1,5,0,0
323,GAS5,15,NR_152523.1,5,0,0
324,GAS5,15,NR_152524.1,5,0,0
325,GAS5,15,NR_152525.1,5,0,0
326,GAS5,15,NR_152526.1,5,0,0
327,GAS5,15,NR_152527.1,3,0,0
328,GAS5,15,NR_152528.1,4,0,0
329,GAS5,15,NR_152529.1,3,0,0
330,GAS5,15,NR_152530.1,5,0,0
331,GAS5,15,NR_152531.1,5,0,0
332,GAS5,15,NR_152532.1,5,0,0
333,GAS5,15,NR_152533.1,5,0,0
334,GAS5,15,NR_152534.1,5,0,0
335,GAS5,15,NR_002578.3,5,0,0
336,GAS5,15,NR_152521.1,6,0,0
337,GAS5,15,NR_152522.1,5,0,0
338,GAS5,15,NR_152523.1,5,0,0
339,GAS5,15,NR_152524.1,5,0,0
340,GAS5,15,NR_152525.1,5,0,0
341,GAS5,15,NR_152526.1,5,0,0
342,GAS5,15,NR_152527.1,3,0,0
343,GAS5,15,NR_152528.1,4,0,0
344,GAS5,15,NR_152529.1,3,0,0
345,GAS5,15,NR_152530.1,5,0,0
346,GAS5,15,NR_152531.1,5,0,0
347,GAS5,15,NR_152532.1,5,0,0
348,GAS5,15,NR_152533.1,5,0,0
349,GAS5,15,NR_152534.1,5,0,0
350,GAS5,15,NR_002578.3,5,0,0
351,GAS5,15,NR_152521.1,6,0,0
352,GAS5,15,NR_152522.1,5,0,0
353,GAS5,15,NR_152523.1,5,0,0
354,GAS5,15,NR_152524.1,5,0,0
355,GAS5,15,NR_152525.1,5,0,0
356,GAS5,15,NR_152526.1,5,0,0
357,GAS5,15,NR_152527.1,3,0,0
358,GAS5,15,NR_152528.1,4,0,0
359,GAS5,15,NR_152529.1,3,0,0
360,GAS5,15,NR_152530.1,5,0,0
361,GAS5,15,NR_152531.1,5,0,0
362,GAS5,15,NR_152532.1,5,0,0
363,GAS5,15,NR_152533.1,5,0,0
364,GAS5,15,NR_152534.1,5,0,0
365,GAS5,15,NR_002578.3,5,0,0
366,GAS5,15,NR_152521.1,6,0,0
367,GAS5,15,NR_152522.1,5,0,0
368,GAS5,15,NR_152523.1,5,0,0
369,GAS5,15,NR_152524.1,5,0,0
370,GAS5,15,NR_152525.1,5,0,0
371,GAS5,15,NR_152526.1,5,0,0
372,GAS5,15,NR_152527.1,3,0,0
373,GAS5,15,NR_152528.1,4,0,0
374,GAS5,15,NR_152529.1,3,0,0
375,GAS5,15,NR_152530.1,5,0,0
376,GAS5,15,NR_152531.1,5,0,0
377,GAS5,15,NR_152532.1,5,0,0
378,GAS5,15,NR_152533.1,5,0,0
379,GAS5,15,NR_152534.1,5,0,0
380,GAS5,15,NR_002578.3,5,0,0
381,GAS5,15,NR_152521.1,6,0,0
382,GAS5,15,NR_152522.1,5,0,0
383,GAS5,15,NR_152523.1,5,0,0
384,GAS5,15,NR_152524.1,5,0,0
385,GAS5,15,NR_152525.1,5,0,0
386,GAS5,15,NR_152526.1,5,0,0
387,GAS5,15,NR_152527.1,3,0,0
388,GAS5,15,NR_152528.1,4,0,0
389,GAS5,15,NR_152529.1,3,0,0
390,GAS5,15,NR_152530.1,5,0,0
391,GAS5,15,NR_152531.1,5,0,0
392,GAS5,15,NR_152532.1,5,0,0
393,GAS5,15,NR_152533.1,5,0,0
394,GAS5,15,NR_152534.1,5,0,0
395,GAS5,15,NR_002578.3,5,0,0
396,GAS5,15,NR_152521.1,6,0,0
397,GAS5,15,NR_152522.1,5,0,0
398,GAS5,15,NR_152523.1,5,0,0
399,GAS5,15,NR_152524.1,5,0,0
400,GAS5,15,NR_152525.1,5,0,0
401,GAS5,15,NR_152526.1,5,0,0
402,GAS5,15,NR_152527.1,3,0,0
403,GAS5,15,NR_152528.1,4,0,0
404,GAS5,15,NR_152529.1,3,0,0
405,GAS5,15,NR_152530.1,5,0,0
406,GAS5,15,NR_152531.1,5,0,0
407,GAS5,15,NR_152532.1,5,0,0
408,GAS5,15,NR_152533.1,5,0,0
409,GAS5,15,NR_152534.1,5,0,0
410,GAS5,15,NR_002578.3,5,0,0
411,GAS5,15,NR_152521.1,6,0,0
412,GAS5,15,NR_152522.1,5,0,0
413,GAS5,15,NR_152523.1,5,0,0
414,GAS5,15,NR_152524.1,5,0,0
415,GAS5,15,NR_152525.1,5,0,0
416,GAS5,15,NR_152526.1,5,0,0
417,GAS5,15,NR_152527.1,3,0,0
418,GAS5,15,NR_152528.1,4,0,0
419,GAS5,15,NR_152529.1,3,0,0
420,GAS5,15,NR_152530.1,5,0,0
421,GAS5,15,NR_152531.1,5,0,0
422,GAS5,15,NR_152532.1,5,0,0
423,GAS5,15,NR_152533.1,5,0,0
424,GAS5,15,NR_152534.1,5,0,0
425,GAS5,15,NR_002578.3,5,0,0
426,GAS5,15,NR_152521.1,6,0,0
427,GAS5,15,NR_152522.1,5,0,0
428,GAS5,15,NR_152523.1,5,0,0
429,GAS5,15,NR_152524.1,5,0,0
430,GAS5,15,NR_152525.1,5,0,0
431,GAS5,15,NR_152526.1,5,0,0
432,GAS5,15,NR_152527.1,3,0,0
433,GAS5,15,NR_152528.1,4,0,0
434,GAS5,15,NR_152529.1,3,0,0
435,GAS5,15,NR_152530.1,5,0,0
436,GAS5,15,NR_152531.1,5,0,0
437,GAS5,15,NR_152532.1,5,0,0
438,GAS5,15,NR_152533.1,5,0,0
439,GAS5,15,NR_152534.1,5,0,0
440,GAS5,15,NR_002578.3,5,0,0
441,GAS5,15,NR_152521.1,6,0,0
442,GAS5,15,NR_152522.1,5,0,0
443,GAS5,15,NR_152523.1,5,0,0
444,GAS5,15,NR_152524.1,5,0,0
445,GAS5,15,NR_152525.1,5,0,0
446,GAS5,15,NR_152526.1,5,0,0
447,GAS5,15,NR_152527.1,3,0,0
448,GAS5,15,NR_152528.1,4,0,0
449,GAS5,15,NR_152529.1,3,0,0
450,GAS5,15,NR_152530.1,5,0,0
451,GAS5,15,NR_152531.1,5,0,0
452,GAS5,15,NR_152532.1,5,0,0
453,GAS5,15,NR_152533.1,5,0,0
454,GAS5,15,NR_152534.1,5,0,0
455,GAS5,15,NR_002578.3,5,0,0
456,GAS5,15,NR_152521.1,6,0,0
457,GAS5,15,NR_152522.1,5,0,0
458,GAS5,15,NR_152523.1,5,0,0
459,GAS5,15,NR_152524.1,5,0,0
460,GAS5,15,NR_152525.1,5,0,0
461,GAS5,15,NR_152526.1,5,0,0
462,GAS5,15,NR_152527.1,3,0,0
463,GAS5,15,NR_152528.1,4,0,0
464,GAS5,15,NR_152529.1,3,0,0
465,GAS5,15,NR_152530.1,5,0,0
466,GAS5,15,NR_152531.1,5,0,0
467,GAS5,15,NR_152532.1,5,0,0
468,GAS5,15,NR_152533.1,5,0,0
469,GAS5,15,NR_152534.1,5,0,0
470,GAS5,15,NR_002578.3,5,0,0
471,GAS5,15,NR_152521.1,6,0,0
472,GAS5,15,NR_152522.1,5,0,0
473,GAS5,15,NR_152523.1,5,0,0
474,GAS5,15,NR_152524.1,5,0,0
475,GAS5,15,NR_152525.1,5,0,0
476,GAS5,15,NR_152526.1,5,0,0
477,GAS5,15,NR_152527.1,3,0,0
478,GAS5,15,NR_152528.1,4,0,0
479,GAS5,15,NR_152529.1,3,0,0
480,GAS5,15,NR_152530.1,5,0,0
481,GAS5,15,NR_152531.1,5,0,0
482,GAS5,15,NR_152532.1,5,0,0
483,GAS5,15,NR_152533.1,5,0,0
484,GAS5,15,NR_152534.1,5,0,0
485,GAS5,15,NR_002578.3,5,0,0
486,GAS5,15,NR_152521.1,6,0,0
487,GAS5,15,NR_152522.1,5,0,0
488,GAS5,15,NR_152523.1,5,0,0
489,GAS5,15,NR_152524.1,5,0,0
490,GAS5,15,NR_152525.1,5,0,0
491,GAS5,15,NR_152526.1,5,0,0
492,GAS5,15,NR_152527.1,3,0,0
493,GAS5,15,NR_152528.1,4,0,0
494,GAS5,15,NR_152529.1,3,0,0
495,GAS5,15,NR_152530.1,5,0,0
496,GAS5,15,NR_152531.1,5,0,0
497,GAS5,15,NR_152532.1,5,0,0
498,GAS5,15,NR_152533.1,5,0,0
499,GAS5,15,NR_152534.1,5,0,0
500,GAS5,15,NR_002578.3,5,0,0
501,GAS5,15,NR_152521.1,6,0,0
502,GAS5,15,NR_152522.1,5,0,0
503,GAS5,15,NR_152523.1,5,0,0
504,GAS5,15,NR_152524.1,5,0,0
505,GAS5,15,NR_152525.1,5,0,0
506,GAS5,15,NR_152526.1,5,0,0
507,GAS5,15,NR_152527.1,3,0,0
508,GAS5,15,NR_152528.1,4,0,0
509,GAS5,15,NR_152529.1,3,0,0
510,GAS5,15,NR_152530.1,5,0,0
511,GAS5,15,NR_152531.1,5,0,0
512,GAS5,15,NR_152532.1,5,0,0
513,GAS5,15,NR_152533.1,5,0,0
514,GAS5,15,NR_152534.1,5,0,0
515,"GAS8-AS
GAS8-AS1",1,NR_122031.1,5,1,0
516,GHET1,1,NR_130107.1,9,1,0
517,GHET1,1,NR_130107.1,9,1,0
518,GHRLOS,6,NR_004431.3,15,0,0
519,GHRLOS,6,NR_024144.2,15,0,0
520,GHRLOS,6,NR_024145.2,18,0,0
521,GHRLOS,6,NR_073566.1,18,0,0
522,GHRLOS,6,NR_073567.1,18,0,0
523,GHRLOS,6,NR_073568.1,16,0,0
524,GIHCG,1,NR_038269.1,4,0,0
525,GSEC,1,NR_033839.1,6,1,0
526,"GUARDIN
LNCTAM34A",1,NR_132738.1,12,1,0
527,H19,3,NR_002196.2,27,9,2
528,H19,3,NR_131223.1,26,9,2
529,H19,3,NR_131224.1,11,1,0
530,H19,3,NR_002196.2,27,9,2
531,H19,3,NR_131223.1,26,9,2
532,H19,3,NR_131224.1,11,1,0
533,H19,3,NR_002196.2,27,9,2
534,H19,3,NR_131223.1,26,9,2
535,H19,3,NR_131224.1,11,1,0
536,H19,3,NR_002196.2,27,9,2
537,H19,3,NR_131223.1,26,9,2
538,H19,3,NR_131224.1,11,1,0
539,H19,3,NR_002196.2,27,9,2
540,H19,3,NR_131223.1,26,9,2
541,H19,3,NR_131224.1,11,1,0
542,H19,3,NR_002196.2,27,9,2
543,H19,3,NR_131223.1,26,9,2
544,H19,3,NR_131224.1,11,1,0
545,H19,3,NR_002196.2,27,9,2
546,H19,3,NR_131223.1,26,9,2
547,H19,3,NR_131224.1,11,1,0
548,H19,3,NR_002196.2,27,9,2
549,H19,3,NR_131223.1,26,9,2
550,H19,3,NR_131224.1,11,1,0
551,H19,3,NR_002196.2,27,9,2
552,H19,3,NR_131223.1,26,9,2
553,H19,3,NR_131224.1,11,1,0
554,H19,3,NR_002196.2,27,9,2
555,H19,3,NR_131223.1,26,9,2
556,H19,3,NR_131224.1,11,1,0
557,H19,3,NR_002196.2,27,9,2
558,H19,3,NR_131223.1,26,9,2
559,H19,3,NR_131224.1,11,1,0
560,H19,3,NR_002196.2,27,9,2
561,H19,3,NR_131223.1,26,9,2
562,H19,3,NR_131224.1,11,1,0
563,H19,3,NR_002196.2,27,9,2
564,H19,3,NR_131223.1,26,9,2
565,H19,3,NR_131224.1,11,1,0
566,H19,3,NR_002196.2,27,9,2
567,H19,3,NR_131223.1,26,9,2
568,H19,3,NR_131224.1,11,1,0
569,H19,3,NR_002196.2,27,9,2
570,H19,3,NR_131223.1,26,9,2
571,H19,3,NR_131224.1,11,1,0
572,H19,3,NR_002196.2,27,9,2
573,H19,3,NR_131223.1,26,9,2
574,H19,3,NR_131224.1,11,1,0
575,H19,3,NR_002196.2,27,9,2
576,H19,3,NR_131223.1,26,9,2
577,H19,3,NR_131224.1,11,1,0
578,H19,3,NR_002196.2,27,9,2
579,H19,3,NR_131223.1,26,9,2
580,H19,3,NR_131224.1,11,1,0
581,H19,3,NR_002196.2,27,9,2
582,H19,3,NR_131223.1,26,9,2
583,H19,3,NR_131224.1,11,1,0
584,H19,3,NR_002196.2,27,9,2
585,H19,3,NR_131223.1,26,9,2
586,H19,3,NR_131224.1,11,1,0
587,H19,3,NR_002196.2,27,9,2
588,H19,3,NR_131223.1,26,9,2
589,H19,3,NR_131224.1,11,1,0
590,H19,3,NR_002196.2,27,9,2
591,H19,3,NR_131223.1,26,9,2
592,H19,3,NR_131224.1,11,1,0
593,H19,3,NR_002196.2,27,9,2
594,H19,3,NR_131223.1,26,9,2
595,H19,3,NR_131224.1,11,1,0
596,H19,3,NR_002196.2,27,9,2
597,H19,3,NR_131223.1,26,9,2
598,H19,3,NR_131224.1,11,1,0
599,H19,3,NR_002196.2,27,9,2
600,H19,3,NR_131223.1,26,9,2
601,H19,3,NR_131224.1,11,1,0
602,H19,3,NR_002196.2,27,9,2
603,H19,3,NR_131223.1,26,9,2
604,H19,3,NR_131224.1,11,1,0
605,HAGLR,12,NR_110458.1,25,2,0
606,HAGLR,12,NR_110459.1,23,2,0
607,HAGLR,12,NR_110460.1,23,2,0
608,HAGLR,12,NR_110461.1,22,1,0
609,HAGLR,12,NR_110462.1,25,2,0
610,HAGLR,12,NR_110463.1,24,1,0
611,HAGLR,12,NR_110464.1,24,1,0
612,HAGLR,12,NR_110465.1,21,2,0
613,HAGLR,12,NR_110466.1,21,2,0
614,HAGLR,12,NR_033979.2,20,2,0
615,HAGLR,12,NR_110467.1,23,1,0
616,HAGLR,12,NR_110468.1,23,1,0
617,HAND2-AS1,11,NR_003679.2,1,0,0
618,HAND2-AS1,11,NR_136192.1,17,2,0
619,HAND2-AS1,11,NR_136193.1,20,2,0
620,HAND2-AS1,11,NR_136194.1,19,2,0
621,HAND2-AS1,11,NR_136195.1,10,1,0
622,HAND2-AS1,11,NR_136196.1,4,1,0
623,HAND2-AS1,11,NR_136197.1,18,1,0
624,HAND2-AS1,11,NR_136198.1,16,2,0
625,HAND2-AS1,11,NR_136199.1,18,2,0
626,HAND2-AS1,11,NR_136200.1,20,2,0
627,HAND2-AS1,11,NR_136201.1,22,2,0
628,HAND2-AS1,11,NR_003679.2,1,0,0
629,HAND2-AS1,11,NR_136192.1,17,2,0
630,HAND2-AS1,11,NR_136193.1,20,2,0
631,HAND2-AS1,11,NR_136194.1,19,2,0
632,HAND2-AS1,11,NR_136195.1,10,1,0
633,HAND2-AS1,11,NR_136196.1,4,1,0
634,HAND2-AS1,11,NR_136197.1,18,1,0
635,HAND2-AS1,11,NR_136198.1,16,2,0
636,HAND2-AS1,11,NR_136199.1,18,2,0
637,HAND2-AS1,11,NR_136200.1,20,2,0
638,HAND2-AS1,11,NR_136201.1,22,2,0
639,"HCG18
",4,NR_024052.2,39,7,0
640,"HCG18
",4,NR_024053.2,38,7,0
641,"HCG18
",4,NR_102326.1,48,8,0
642,"HCG18
",4,NR_102327.1,24,6,0
643,HCP5,1,NR_040662.1,21,2,0
644,HIF1A-AS1,1,NR_047116.1,4,0,0
645,HIF1A-AS2,1,NR_045406.1,1,0,0
646,HLA-F-AS1,2,NR_026972.1,10,1,0
647,HLA-F-AS1,2,NR_026973.1,3,0,0
648,HNF1A-AS1,1,NR_024345.1,15,0,0
649,HNF1A-AS1,1,NR_024345.1,15,0,0
650,HNF1A-AS1,1,NR_024345.1,15,0,0
651,HNF1A-AS1,1,NR_024345.1,15,0,0
652,HNF1A-AS1,1,NR_024345.1,15,0,0
653,HOTAIR,3,NR_047517.1,17,1,0
654,HOTAIR,3,NR_003716.3,16,1,0
655,HOTAIR,3,NR_047518.1,15,1,0
656,HOTAIR,3,NR_047517.1,17,1,0
657,HOTAIR,3,NR_003716.3,16,1,0
658,HOTAIR,3,NR_047518.1,15,1,0
659,HOTAIR,3,NR_047517.1,17,1,0
660,HOTAIR,3,NR_003716.3,16,1,0
661,HOTAIR,3,NR_047518.1,15,1,0
662,HOTAIR,3,NR_047517.1,17,1,0
663,HOTAIR,3,NR_003716.3,16,1,0
664,HOTAIR,3,NR_047518.1,15,1,0
665,HOTAIR,3,NR_047517.1,17,1,0
666,HOTAIR,3,NR_003716.3,16,1,0
667,HOTAIR,3,NR_047518.1,15,1,0
668,HOTAIR,3,NR_047517.1,17,1,0
669,HOTAIR,3,NR_003716.3,16,1,0
670,HOTAIR,3,NR_047518.1,15,1,0
671,HOTAIR,3,NR_047517.1,17,1,0
672,HOTAIR,3,NR_003716.3,16,1,0
673,HOTAIR,3,NR_047518.1,15,1,0
674,HOTAIR,3,NR_047517.1,17,1,0
675,HOTAIR,3,NR_003716.3,16,1,0
676,HOTAIR,3,NR_047518.1,15,1,0
677,HOTAIR,3,NR_047517.1,17,1,0
678,HOTAIR,3,NR_003716.3,16,1,0
679,HOTAIR,3,NR_047518.1,15,1,0
680,HOTAIR,3,NR_047517.1,17,1,0
681,HOTAIR,3,NR_003716.3,16,1,0
682,HOTAIR,3,NR_047518.1,15,1,0
683,HOTAIR,3,NR_047517.1,17,1,0
684,HOTAIR,3,NR_003716.3,16,1,0
685,HOTAIR,3,NR_047518.1,15,1,0
686,HOTAIR,3,NR_047517.1,17,1,0
687,HOTAIR,3,NR_003716.3,16,1,0
688,HOTAIR,3,NR_047518.1,15,1,0
689,HOTAIR,3,NR_047517.1,17,1,0
690,HOTAIR,3,NR_003716.3,16,1,0
691,HOTAIR,3,NR_047518.1,15,1,0
692,HOTAIR,3,NR_047517.1,17,1,0
693,HOTAIR,3,NR_003716.3,16,1,0
694,HOTAIR,3,NR_047518.1,15,1,0
695,HOTAIR,3,NR_047517.1,17,1,0
696,HOTAIR,3,NR_003716.3,16,1,0
697,HOTAIR,3,NR_047518.1,15,1,0
698,HOTAIR,3,NR_047517.1,17,1,0
699,HOTAIR,3,NR_003716.3,16,1,0
700,HOTAIR,3,NR_047518.1,15,1,0
701,HOTAIR,3,NR_047517.1,17,1,0
702,HOTAIR,3,NR_003716.3,16,1,0
703,HOTAIR,3,NR_047518.1,15,1,0
704,HOTAIR,3,NR_047517.1,17,1,0
705,HOTAIR,3,NR_003716.3,16,1,0
706,HOTAIR,3,NR_047518.1,15,1,0
707,HOTAIR,3,NR_047517.1,17,1,0
708,HOTAIR,3,NR_003716.3,16,1,0
709,HOTAIR,3,NR_047518.1,15,1,0
710,HOTAIR,3,NR_047517.1,17,1,0
711,HOTAIR,3,NR_003716.3,16,1,0
712,HOTAIR,3,NR_047518.1,15,1,0
713,HOTAIR,3,NR_047517.1,17,1,0
714,HOTAIR,3,NR_003716.3,16,1,0
715,HOTAIR,3,NR_047518.1,15,1,0
716,HOTAIR,3,NR_047517.1,17,1,0
717,HOTAIR,3,NR_003716.3,16,1,0
718,HOTAIR,3,NR_047518.1,15,1,0
719,HOTAIR,3,NR_047517.1,17,1,0
720,HOTAIR,3,NR_003716.3,16,1,0
721,HOTAIR,3,NR_047518.1,15,1,0
722,HOTAIR,3,NR_047517.1,17,1,0
723,HOTAIR,3,NR_003716.3,16,1,0
724,HOTAIR,3,NR_047518.1,15,1,0
725,HOTAIR,3,NR_047517.1,17,1,0
726,HOTAIR,3,NR_003716.3,16,1,0
727,HOTAIR,3,NR_047518.1,15,1,0
728,HOTAIRM1,2,NR_038366.1,6,1,0
729,HOTAIRM1,2,NR_038367.1,4,1,0
730,HOTAIRM1,2,NR_038366.1,6,1,0
731,HOTAIRM1,2,NR_038367.1,4,1,0
732,HOTTIP,1,NR_037843.3,37,3,0
733,HOTTIP,1,NR_037843.3,37,3,0
734,HOTTIP,1,NR_037843.3,37,3,0
735,HOTTIP,1,NR_037843.3,37,3,0
736,HOTTIP,1,NR_037843.3,37,3,0
737,HOTTIP,1,NR_037843.3,37,3,0
738,HOXA-AS2,1,NR_122069.1,4,0,0
739,HOXA-AS2,1,NR_122069.1,4,0,0
740,HOXA11-AS,1,NR_002795.2,16,2,0
741,HOXA11-AS,1,NR_002795.2,16,2,0
742,HOXA11-AS,1,NR_002795.2,16,2,0
743,HOXB-AS3,8,NR_033201.2,5,1,0
744,HOXB-AS3,8,NR_033202.2,5,1,0
745,HOXB-AS3,8,NR_033203.1,6,0,0
746,HOXB-AS3,8,NR_033204.2,6,0,0
747,HOXB-AS3,8,NR_033205.1,6,1,0
748,HOXB-AS3,8,NR_110329.1,4,0,0
749,HOXB-AS3,8,NR_110330.1,4,1,0
750,HOXB-AS3,8,NR_110331.1,7,1,0
751,HULC,1,NR_004855.2,1,0,0
752,HULC,1,NR_004855.2,1,0,0
753,HULC,1,NR_004855.2,1,0,0
754,IQCJ-SCHIP1-AS1,1,NR_121669.1,5,0,0
755,ITIH4-AS1,1,NR_046615.1,1,0,0
756,kcna3,2,NR_109845.2,14,1,0
757,kcna3,2,NR_109846.1,13,1,0
758,KCNQ1OT1,1,NR_002728.3,538,41,2
759,KCNQ1OT1,1,NR_002728.3,538,41,2
760,KCNQ1OT1,1,NR_002728.3,538,41,2
761,KCNQ1OT1,1,NR_002728.3,538,41,2
762,"KIAA0125
FAM30A",1,NR_026800.2,100,22,1
763,"KIAA0125
FAM30A",1,NR_026800.2,100,22,1
764,KRT7-AS,1,NR_146274.1,12,1,0
765,LDLRAD4-AS1,1,NR_040031.1,10,0,0
766,LEF1-AS1,2,NR_029373.1,17,2,0
767,LEF1-AS1,2,NR_029374.1,9,0,0
768,LEF1-AS1,2,NR_029373.1,17,2,0
769,LEF1-AS1,2,NR_029374.1,9,0,0
770,LEF1-AS1,2,NR_029373.1,17,2,0
771,LEF1-AS1,2,NR_029374.1,9,0,0
772,LIFR-AS1,2,NR_103553.1,22,0,0
773,LIFR-AS1,2,NR_103554.1,22,0,0
774,"LINC-ITGB1
IATPR",1,NR_160030.1,4,0,0
775,LINC-PINT,13,NR_015431.2,16,3,0
776,LINC-PINT,13,NR_024153.2,7,1,0
777,LINC-PINT,13,NR_109850.1,18,3,0
778,LINC-PINT,13,NR_109851.1,16,3,0
779,LINC-PINT,13,NR_109852.1,16,3,0
780,LINC-PINT,13,NR_109853.1,13,2,0
781,LINC-PINT,13,NR_109854.1,13,2,0
782,LINC-PINT,13,NR_109855.1,13,2,0
783,LINC-PINT,13,NR_034120.1,9,0,0
784,LINC-PINT,13,NR_110472.1,8,0,0
785,LINC-PINT,13,NR_110473.1,3,0,0
786,LINC-PINT,13,NR_170175.1,21,2,0
787,LINC-PINT,13,NR_170176.1,19,2,0
788,"LINC-POU3F3
PANTRI1",4,NR_037883.1,12,1,0
789,"LINC-POU3F3
PANTRI1",4,NR_131233.1,5,0,0
790,"LINC-POU3F3
PANTRI1",4,NR_131234.1,6,0,0
791,"LINC-POU3F3
PANTRI1",4,NR_131235.1,6,0,0
792,"LINC-POU3F3
PANTRI1",4,NR_037883.1,12,1,0
793,"LINC-POU3F3
PANTRI1",4,NR_131233.1,5,0,0
794,"LINC-POU3F3
PANTRI1",4,NR_131234.1,6,0,0
795,"LINC-POU3F3
PANTRI1",4,NR_131235.1,6,0,0
796,LINC-ROR,2,NR_048536.2,15,0,0
797,LINC-ROR,2,NR_152602.1,13,0,0
798,LINC-ROR,2,NR_048536.2,15,0,0
799,LINC-ROR,2,NR_152602.1,13,0,0
800,LINC-ROR,2,NR_048536.2,15,0,0
801,LINC-ROR,2,NR_152602.1,13,0,0
802,LINC-ROR,2,NR_048536.2,15,0,0
803,LINC-ROR,2,NR_152602.1,13,0,0
804,LINC-ROR,2,NR_048536.2,15,0,0
805,LINC-ROR,2,NR_152602.1,13,0,0
806,LINC-ROR,2,NR_048536.2,15,0,0
807,LINC-ROR,2,NR_152602.1,13,0,0
808,LINC-ROR,2,NR_048536.2,15,0,0
809,LINC-ROR,2,NR_152602.1,13,0,0
810,LINC-ROR,2,NR_048536.2,15,0,0
811,LINC-ROR,2,NR_152602.1,13,0,0
812,LINC-ROR,2,NR_048536.2,15,0,0
813,LINC-ROR,2,NR_152602.1,13,0,0
814,LINC-UFC1 (LOC112543491),1,NR_156734.1,20,0,0
815,LINC00114,2,NR_027065.2,4,0,0
816,LINC00114,2,NR_027066.2,3,0,0
817,LINC00174,1,NR_026873.1,35,0,0
818,LINC00261,1,NR_001558.3,31,0,0
819,LINC00261,1,NR_001558.3,31,0,0
820,LINC00265,1,NR_026999.1,47,1,0
821,LINC00312,1,NR_024065.3,9,1,0
822,LINC00324,1,NR_026951.1,22,0,0
823,LINC00460,2,NR_034119.2,4,0,0
824,LINC00460,2,NR_163477.1,4,0,0
825,LINC00460,2,NR_034119.2,4,0,0
826,LINC00460,2,NR_163477.1,4,0,0
827,LINC00460,2,NR_034119.2,4,0,0
828,LINC00460,2,NR_163477.1,4,0,0
829,LINC00460,2,NR_034119.2,4,0,0
830,LINC00460,2,NR_163477.1,4,0,0
831,LINC00461,14,NR_024384.2,14,1,0
832,LINC00461,14,NR_024383.2,13,1,0
833,LINC00461,14,NR_015436.2,11,0,0
834,LINC00461,14,NR_152232.1,12,1,0
835,LINC00461,14,NR_152233.1,12,1,0
836,LINC00461,14,NR_152234.1,12,1,0
837,LINC00461,14,NR_152235.1,10,0,0
838,LINC00461,14,NR_152236.1,13,1,0
839,LINC00461,14,NR_152237.1,11,1,0
840,LINC00461,14,NR_152238.1,12,0,0
841,LINC00461,14,NR_152239.1,10,0,0
842,LINC00461,14,NR_152240.1,18,1,0
843,LINC00461,14,NR_152241.1,12,1,0
844,LINC00461,14,NR_152242.1,12,0,0
845,LINC00467,1,NR_026761.2,5,0,0
846,LINC00472,4,NR_121612.1,41,2,0
847,LINC00472,4,NR_026807.2,41,2,0
848,LINC00472,4,NR_121613.1,40,2,0
849,LINC00472,4,NR_121614.1,41,2,0
850,LINC00473,2,NR_026860.1,12,0,0
851,LINC00473,2,NR_026861.1,5,0,0
852,LINC00504,1,NR_126435.1,16,0,1
853,LINC00511,1,NR_033876.1,16,2,0
854,LINC00520,2,NR_026796.1,12,1,0
855,LINC00520,2,NR_026797.1,12,1,0
856,LINC00630,7,NR_038988.2,13,0,0
857,LINC00630,7,NR_146588.1,13,0,0
858,LINC00630,7,NR_146589.1,21,0,0
859,LINC00630,7,NR_146590.1,14,0,0
860,LINC00630,7,NR_146591.1,14,0,0
861,LINC00630,7,NR_146592.1,14,0,0
862,LINC00630,7,NR_146593.1,19,0,0
863,LINC00659,2,NR_046224.1,8,0,0
864,LINC00659,2,NR_046225.1,8,0,0
865,LINC00662,1,NR_027301.1,5,1,0
866,LINC00707,1,NR_038291.1,8,0,0
867,LINC00707,1,NR_038291.1,8,0,0
868,LINC00707,1,NR_038291.1,8,0,0
869,LINC00858,1,NR_038220.1,10,0,0
870,LINC00858,1,NR_038220.1,10,0,0
871,LINC00858,1,NR_038220.1,10,0,0
872,LINC00858,1,NR_038220.1,10,0,0
873,LINC00957,3,NR_015401.2,22,3,0
874,LINC00957,3,NR_072981.1,14,1,0
875,LINC00957,3,NR_072982.1,10,1,0
876,"LINC00959
C10orf143",2,NR_149170.2,8,1,0
877,"LINC00959
C10orf143",2,NR_034125.2,13,1,0
878,"LINC01021
PURPL",1,NR_038848.1,7,0,0
879,"LINC01021
PURPL",1,NR_038848.1,7,0,0
880,LINC01082,1,NR_103859.1,3,0,0
881,LINC01119,1,NR_024452.1,6,0,0
882,LINC01133,1,NR_038849.1,7,0,0
883,LINC01133,1,NR_038849.1,7,0,0
884,LINC01194,1,NR_033383.1,3,0,0
885,LINC01234,2,NR_110026.1,7,1,0
886,LINC01234,2,NR_110025.1,8,1,0
887,LINC01234,2,NR_110026.1,7,1,0
888,LINC01234,2,NR_110025.1,8,1,0
889,LINC01234,2,NR_110026.1,7,1,0
890,LINC01234,2,NR_110025.1,8,1,0
891,"LINC01296
DUXAP9",2,NR_122111.1,19,0,0
892,"LINC01296
DUXAP9",2,NR_122112.1,9,0,0
893,"LINC01296
DUXAP9",2,NR_122111.1,19,0,0
894,"LINC01296
DUXAP9",2,NR_122112.1,9,0,0
895,LINC01354,1,NR_038426.1,13,2,0
896,LINC01410,1,NR_121647.1,11,0,0
897,LINC01413,1,NR_120337.1,10,1,1
898,LINC01503,2,NR_120685.1,5,1,0
899,LINC01503,2,NR_120686.1,5,1,0
900,"LINC01510
COMETT",3,NR_120506.2,6,0,0
901,"LINC01510
COMETT",3,NR_165032.1,5,0,0
902,"LINC01510
COMETT",3,NR_165033.1,8,0,0
903,"LINC01510
COMETT",3,NR_120506.2,6,0,0
904,"LINC01510
COMETT",3,NR_165032.1,5,0,0
905,"LINC01510
COMETT",3,NR_165033.1,8,0,0
906,LINC01555,1,NR_027379.1,14,1,0
907,LINC01602,1,NR_130934.1,5,0,0
908,LINC02418,1,NR_024457.2,20,0,0
909,LINC02595,1,NR_125365.1,3,0,0
910,"lnc-OC1
LNCOC1",1,NR_038925.1,33,4,0
911,"lncCMPK2
NRIR",1,NR_126359.1,4,0,0
912,lncRNA-ATB,1,NR_160525.1,16,1,0
913,lncRNA-ATB,1,NR_160525.1,16,1,0
914,lncRNA-ATB,1,NR_160525.1,16,1,0
915,lncRNA-ATB,1,NR_160525.1,16,1,0
916,lncRNA-ATB,1,NR_160525.1,16,1,0
917,"lncRNA-HEIH
HEIH",1,NR_045680.1,16,1,0
918,"lncRNA-LET
NPTN-IT1",1,NR_103844.1,13,0,0
919,"lncRNA-MIF
ODC1-DT",1,NR_110597.1,6,0,0
920,"lncRNA00673
LINC00673",5,NR_137281.2,24,2,0
921,"lncRNA00673
LINC00673",5,NR_137280.2,23,2,0
922,"lncRNA00673
LINC00673",5,NR_036488.1,22,1,0
923,"lncRNA00673
LINC00673",5,NR_152515.1,22,1,0
924,"lncRNA00673
LINC00673",5,NR_152516.1,25,2,0
925,"lncTCF7
WSPAR",1,NR_131252.1,6,0,0
926,"lncTCF7
WSPAR",1,NR_131252.1,6,0,0
927,"LOC100287225
LINC01630",2,NR_040074.1,12,0,0
928,"LOC100287225
LINC01630",2,NR_040075.1,11,0,0
929,"LOC100287225
LINC01630",2,NR_040074.1,12,0,0
930,"LOC100287225
LINC01630",2,NR_040075.1,11,0,0
931,"LOC285194
TUSC7",1,NR_015391.1,9,0,0
932,"LOC285194
TUSC7",1,NR_015391.1,9,0,0
933,"LOC285629
LINC02159",2,NR_151858.1,18,0,0
934,"LOC285629
LINC02159",2,NR_027111.1,18,0,0
935,"LOC554202
MIR31HG",4,NR_027054.2,19,1,0
936,"LOC554202
MIR31HG",4,NR_152877.1,13,0,0
937,"LOC554202
MIR31HG",4,NR_152878.1,12,0,0
938,"LOC554202
MIR31HG",4,NR_152879.1,18,1,0
939,"LOC554202
MIR31HG",4,NR_027054.2,19,1,0
940,"LOC554202
MIR31HG",4,NR_152877.1,13,0,0
941,"LOC554202
MIR31HG",4,NR_152878.1,12,0,0
942,"LOC554202
MIR31HG",4,NR_152879.1,18,1,0
943,LSINCT5,1,NR_145480.1,22,2,0
944,LUADT1,1,NR_132442.1,4,0,0
945,LUCAT1,2,NR_103548.1,3,0,0
946,LUCAT1,2,NR_103549.1,2,0,0
947,LUCAT1,2,NR_103548.1,3,0,0
948,LUCAT1,2,NR_103549.1,2,0,0
949,LUNAR1,1,NR_126487.1,3,1,0
950,"MAFG-AS1
MAFG-DT",1,NR_015454.1,23,2,0
951,"MAFG-AS1
MAFG-DT",1,NR_015454.1,23,2,0
952,MAGI2-AS3,4,NR_038343.2,21,1,0
953,MAGI2-AS3,4,NR_038344.1,8,1,0
954,MAGI2-AS3,4,NR_038345.1,2,0,0
955,MAGI2-AS3,4,NR_038346.1,3,0,0
956,MALAT1,3,NR_002819.4,46,7,0
957,MALAT1,3,NR_144567.1,47,7,0
958,MALAT1,3,NR_144568.1,47,6,0
959,MALAT1,3,NR_002819.4,46,7,0
960,MALAT1,3,NR_144567.1,47,7,0
961,MALAT1,3,NR_144568.1,47,6,0
962,MALAT1,3,NR_002819.4,46,7,0
963,MALAT1,3,NR_144567.1,47,7,0
964,MALAT1,3,NR_144568.1,47,6,0
965,MALAT1,3,NR_002819.4,46,7,0
966,MALAT1,3,NR_144567.1,47,7,0
967,MALAT1,3,NR_144568.1,47,6,0
968,MALAT1,3,NR_002819.4,46,7,0
969,MALAT1,3,NR_144567.1,47,7,0
970,MALAT1,3,NR_144568.1,47,6,0
971,MALAT1,3,NR_002819.4,46,7,0
972,MALAT1,3,NR_144567.1,47,7,0
973,MALAT1,3,NR_144568.1,47,6,0
974,MALAT1,3,NR_002819.4,46,7,0
975,MALAT1,3,NR_144567.1,47,7,0
976,MALAT1,3,NR_144568.1,47,6,0
977,MALAT1,3,NR_002819.4,46,7,0
978,MALAT1,3,NR_144567.1,47,7,0
979,MALAT1,3,NR_144568.1,47,6,0
980,MALAT1,3,NR_002819.4,46,7,0
981,MALAT1,3,NR_144567.1,47,7,0
982,MALAT1,3,NR_144568.1,47,6,0
983,MALAT1,3,NR_002819.4,46,7,0
984,MALAT1,3,NR_144567.1,47,7,0
985,MALAT1,3,NR_144568.1,47,6,0
986,MALAT1,3,NR_002819.4,46,7,0
987,MALAT1,3,NR_144567.1,47,7,0
988,MALAT1,3,NR_144568.1,47,6,0
989,MALAT1,3,NR_002819.4,46,7,0
990,MALAT1,3,NR_144567.1,47,7,0
991,MALAT1,3,NR_144568.1,47,6,0
992,MALAT1,3,NR_002819.4,46,7,0
993,MALAT1,3,NR_144567.1,47,7,0
994,MALAT1,3,NR_144568.1,47,6,0
995,MALAT1,3,NR_002819.4,46,7,0
996,MALAT1,3,NR_144567.1,47,7,0
997,MALAT1,3,NR_144568.1,47,6,0
998,MALAT1,3,NR_002819.4,46,7,0
999,MALAT1,3,NR_144567.1,47,7,0
1000,MALAT1,3,NR_144568.1,47,6,0
1001,MALAT1,3,NR_002819.4,46,7,0
1002,MALAT1,3,NR_144567.1,47,7,0
1003,MALAT1,3,NR_144568.1,47,6,0
1004,MALAT1,3,NR_002819.4,46,7,0
1005,MALAT1,3,NR_144567.1,47,7,0
1006,MALAT1,3,NR_144568.1,47,6,0
1007,MALAT1,3,NR_002819.4,46,7,0
1008,MALAT1,3,NR_144567.1,47,7,0
1009,MALAT1,3,NR_144568.1,47,6,0
1010,MALAT1,3,NR_002819.4,46,7,0
1011,MALAT1,3,NR_144567.1,47,7,0
1012,MALAT1,3,NR_144568.1,47,6,0
1013,MALAT1,3,NR_002819.4,46,7,0
1014,MALAT1,3,NR_144567.1,47,7,0
1015,MALAT1,3,NR_144568.1,47,6,0
1016,MALAT1,3,NR_002819.4,46,7,0
1017,MALAT1,3,NR_144567.1,47,7,0
1018,MALAT1,3,NR_144568.1,47,6,0
1019,MALAT1,3,NR_002819.4,46,7,0
1020,MALAT1,3,NR_144567.1,47,7,0
1021,MALAT1,3,NR_144568.1,47,6,0
1022,MALAT1,3,NR_002819.4,46,7,0
1023,MALAT1,3,NR_144567.1,47,7,0
1024,MALAT1,3,NR_144568.1,47,6,0
1025,MALAT1,3,NR_002819.4,46,7,0
1026,MALAT1,3,NR_144567.1,47,7,0
1027,MALAT1,3,NR_144568.1,47,6,0
1028,MALAT1,3,NR_002819.4,46,7,0
1029,MALAT1,3,NR_144567.1,47,7,0
1030,MALAT1,3,NR_144568.1,47,6,0
1031,MAPKAPK5-AS1,5,NR_015404.2,20,2,0
1032,MAPKAPK5-AS1,5,NR_152605.1,5,0,0
1033,MAPKAPK5-AS1,5,NR_152606.1,6,0,0
1034,MAPKAPK5-AS1,5,NR_152607.1,4,0,0
1035,MAPKAPK5-AS1,5,NR_152608.1,5,0,0
1036,MBNL1-AS1,2,NR_027038.1,33,2,0
1037,MBNL1-AS1,2,NR_027037.1,34,2,0
1038,MEG3,15,NR_002766.2,14,2,0
1039,MEG3,15,NR_003530.2,17,2,0
1040,MEG3,15,NR_003531.3,16,2,0
1041,MEG3,15,NR_033358.1,15,2,0
1042,MEG3,15,NR_033359.1,15,2,0
1043,MEG3,15,NR_033360.1,15,2,0
1044,MEG3,15,NR_046464.1,15,2,0
1045,MEG3,15,NR_046465.2,15,2,0
1046,MEG3,15,NR_046466.1,15,2,0
1047,MEG3,15,NR_046467.1,16,2,0
1048,MEG3,15,NR_046469.1,15,2,0
1049,MEG3,15,NR_046470.2,17,2,0
1050,MEG3,15,NR_046471.1,15,2,0
1051,MEG3,15,NR_046472.1,16,2,0
1052,MEG3,15,NR_046473.1,81,12,0
1053,MEG3,15,NR_002766.2,14,2,0
1054,MEG3,15,NR_003530.2,17,2,0
1055,MEG3,15,NR_003531.3,16,2,0
1056,MEG3,15,NR_033358.1,15,2,0
1057,MEG3,15,NR_033359.1,15,2,0
1058,MEG3,15,NR_033360.1,15,2,0
1059,MEG3,15,NR_046464.1,15,2,0
1060,MEG3,15,NR_046465.2,15,2,0
1061,MEG3,15,NR_046466.1,15,2,0
1062,MEG3,15,NR_046467.1,16,2,0
1063,MEG3,15,NR_046469.1,15,2,0
1064,MEG3,15,NR_046470.2,17,2,0
1065,MEG3,15,NR_046471.1,15,2,0
1066,MEG3,15,NR_046472.1,16,2,0
1067,MEG3,15,NR_046473.1,81,12,0
1068,MEG3,15,NR_002766.2,14,2,0
1069,MEG3,15,NR_003530.2,17,2,0
1070,MEG3,15,NR_003531.3,16,2,0
1071,MEG3,15,NR_033358.1,15,2,0
1072,MEG3,15,NR_033359.1,15,2,0
1073,MEG3,15,NR_033360.1,15,2,0
1074,MEG3,15,NR_046464.1,15,2,0
1075,MEG3,15,NR_046465.2,15,2,0
1076,MEG3,15,NR_046466.1,15,2,0
1077,MEG3,15,NR_046467.1,16,2,0
1078,MEG3,15,NR_046469.1,15,2,0
1079,MEG3,15,NR_046470.2,17,2,0
1080,MEG3,15,NR_046471.1,15,2,0
1081,MEG3,15,NR_046472.1,16,2,0
1082,MEG3,15,NR_046473.1,81,12,0
1083,MEG3,15,NR_002766.2,14,2,0
1084,MEG3,15,NR_003530.2,17,2,0
1085,MEG3,15,NR_003531.3,16,2,0
1086,MEG3,15,NR_033358.1,15,2,0
1087,MEG3,15,NR_033359.1,15,2,0
1088,MEG3,15,NR_033360.1,15,2,0
1089,MEG3,15,NR_046464.1,15,2,0
1090,MEG3,15,NR_046465.2,15,2,0
1091,MEG3,15,NR_046466.1,15,2,0
1092,MEG3,15,NR_046467.1,16,2,0
1093,MEG3,15,NR_046469.1,15,2,0
1094,MEG3,15,NR_046470.2,17,2,0
1095,MEG3,15,NR_046471.1,15,2,0
1096,MEG3,15,NR_046472.1,16,2,0
1097,MEG3,15,NR_046473.1,81,12,0
1098,MEG3,15,NR_002766.2,14,2,0
1099,MEG3,15,NR_003530.2,17,2,0
1100,MEG3,15,NR_003531.3,16,2,0
1101,MEG3,15,NR_033358.1,15,2,0
1102,MEG3,15,NR_033359.1,15,2,0
1103,MEG3,15,NR_033360.1,15,2,0
1104,MEG3,15,NR_046464.1,15,2,0
1105,MEG3,15,NR_046465.2,15,2,0
1106,MEG3,15,NR_046466.1,15,2,0
1107,MEG3,15,NR_046467.1,16,2,0
1108,MEG3,15,NR_046469.1,15,2,0
1109,MEG3,15,NR_046470.2,17,2,0
1110,MEG3,15,NR_046471.1,15,2,0
1111,MEG3,15,NR_046472.1,16,2,0
1112,MEG3,15,NR_046473.1,81,12,0
1113,MEG3,15,NR_002766.2,14,2,0
1114,MEG3,15,NR_003530.2,17,2,0
1115,MEG3,15,NR_003531.3,16,2,0
1116,MEG3,15,NR_033358.1,15,2,0
1117,MEG3,15,NR_033359.1,15,2,0
1118,MEG3,15,NR_033360.1,15,2,0
1119,MEG3,15,NR_046464.1,15,2,0
1120,MEG3,15,NR_046465.2,15,2,0
1121,MEG3,15,NR_046466.1,15,2,0
1122,MEG3,15,NR_046467.1,16,2,0
1123,MEG3,15,NR_046469.1,15,2,0
1124,MEG3,15,NR_046470.2,17,2,0
1125,MEG3,15,NR_046471.1,15,2,0
1126,MEG3,15,NR_046472.1,16,2,0
1127,MEG3,15,NR_046473.1,81,12,0
1128,MEG3,15,NR_002766.2,14,2,0
1129,MEG3,15,NR_003530.2,17,2,0
1130,MEG3,15,NR_003531.3,16,2,0
1131,MEG3,15,NR_033358.1,15,2,0
1132,MEG3,15,NR_033359.1,15,2,0
1133,MEG3,15,NR_033360.1,15,2,0
1134,MEG3,15,NR_046464.1,15,2,0
1135,MEG3,15,NR_046465.2,15,2,0
1136,MEG3,15,NR_046466.1,15,2,0
1137,MEG3,15,NR_046467.1,16,2,0
1138,MEG3,15,NR_046469.1,15,2,0
1139,MEG3,15,NR_046470.2,17,2,0
1140,MEG3,15,NR_046471.1,15,2,0
1141,MEG3,15,NR_046472.1,16,2,0
1142,MEG3,15,NR_046473.1,81,12,0
1143,MEG3,15,NR_002766.2,14,2,0
1144,MEG3,15,NR_003530.2,17,2,0
1145,MEG3,15,NR_003531.3,16,2,0
1146,MEG3,15,NR_033358.1,15,2,0
1147,MEG3,15,NR_033359.1,15,2,0
1148,MEG3,15,NR_033360.1,15,2,0
1149,MEG3,15,NR_046464.1,15,2,0
1150,MEG3,15,NR_046465.2,15,2,0
1151,MEG3,15,NR_046466.1,15,2,0
1152,MEG3,15,NR_046467.1,16,2,0
1153,MEG3,15,NR_046469.1,15,2,0
1154,MEG3,15,NR_046470.2,17,2,0
1155,MEG3,15,NR_046471.1,15,2,0
1156,MEG3,15,NR_046472.1,16,2,0
1157,MEG3,15,NR_046473.1,81,12,0
1158,MEG3,15,NR_002766.2,14,2,0
1159,MEG3,15,NR_003530.2,17,2,0
1160,MEG3,15,NR_003531.3,16,2,0
1161,MEG3,15,NR_033358.1,15,2,0
1162,MEG3,15,NR_033359.1,15,2,0
1163,MEG3,15,NR_033360.1,15,2,0
1164,MEG3,15,NR_046464.1,15,2,0
1165,MEG3,15,NR_046465.2,15,2,0
1166,MEG3,15,NR_046466.1,15,2,0
1167,MEG3,15,NR_046467.1,16,2,0
1168,MEG3,15,NR_046469.1,15,2,0
1169,MEG3,15,NR_046470.2,17,2,0
1170,MEG3,15,NR_046471.1,15,2,0
1171,MEG3,15,NR_046472.1,16,2,0
1172,MEG3,15,NR_046473.1,81,12,0
1173,MEG3,15,NR_002766.2,14,2,0
1174,MEG3,15,NR_003530.2,17,2,0
1175,MEG3,15,NR_003531.3,16,2,0
1176,MEG3,15,NR_033358.1,15,2,0
1177,MEG3,15,NR_033359.1,15,2,0
1178,MEG3,15,NR_033360.1,15,2,0
1179,MEG3,15,NR_046464.1,15,2,0
1180,MEG3,15,NR_046465.2,15,2,0
1181,MEG3,15,NR_046466.1,15,2,0
1182,MEG3,15,NR_046467.1,16,2,0
1183,MEG3,15,NR_046469.1,15,2,0
1184,MEG3,15,NR_046470.2,17,2,0
1185,MEG3,15,NR_046471.1,15,2,0
1186,MEG3,15,NR_046472.1,16,2,0
1187,MEG3,15,NR_046473.1,81,12,0
1188,MEG3,15,NR_002766.2,14,2,0
1189,MEG3,15,NR_003530.2,17,2,0
1190,MEG3,15,NR_003531.3,16,2,0
1191,MEG3,15,NR_033358.1,15,2,0
1192,MEG3,15,NR_033359.1,15,2,0
1193,MEG3,15,NR_033360.1,15,2,0
1194,MEG3,15,NR_046464.1,15,2,0
1195,MEG3,15,NR_046465.2,15,2,0
1196,MEG3,15,NR_046466.1,15,2,0
1197,MEG3,15,NR_046467.1,16,2,0
1198,MEG3,15,NR_046469.1,15,2,0
1199,MEG3,15,NR_046470.2,17,2,0
1200,MEG3,15,NR_046471.1,15,2,0
1201,MEG3,15,NR_046472.1,16,2,0
1202,MEG3,15,NR_046473.1,81,12,0
1203,MEG3,15,NR_002766.2,14,2,0
1204,MEG3,15,NR_003530.2,17,2,0
1205,MEG3,15,NR_003531.3,16,2,0
1206,MEG3,15,NR_033358.1,15,2,0
1207,MEG3,15,NR_033359.1,15,2,0
1208,MEG3,15,NR_033360.1,15,2,0
1209,MEG3,15,NR_046464.1,15,2,0
1210,MEG3,15,NR_046465.2,15,2,0
1211,MEG3,15,NR_046466.1,15,2,0
1212,MEG3,15,NR_046467.1,16,2,0
1213,MEG3,15,NR_046469.1,15,2,0
1214,MEG3,15,NR_046470.2,17,2,0
1215,MEG3,15,NR_046471.1,15,2,0
1216,MEG3,15,NR_046472.1,16,2,0
1217,MEG3,15,NR_046473.1,81,12,0
1218,MEG3,15,NR_002766.2,14,2,0
1219,MEG3,15,NR_003530.2,17,2,0
1220,MEG3,15,NR_003531.3,16,2,0
1221,MEG3,15,NR_033358.1,15,2,0
1222,MEG3,15,NR_033359.1,15,2,0
1223,MEG3,15,NR_033360.1,15,2,0
1224,MEG3,15,NR_046464.1,15,2,0
1225,MEG3,15,NR_046465.2,15,2,0
1226,MEG3,15,NR_046466.1,15,2,0
1227,MEG3,15,NR_046467.1,16,2,0
1228,MEG3,15,NR_046469.1,15,2,0
1229,MEG3,15,NR_046470.2,17,2,0
1230,MEG3,15,NR_046471.1,15,2,0
1231,MEG3,15,NR_046472.1,16,2,0
1232,MEG3,15,NR_046473.1,81,12,0
1233,"MFI2-AS1
MELTF-AS1",1,NR_038285.1,7,1,0
1234,MIA-RAB4B,1,NR_037775.1,15,2,1
1235,MIAT,4,NR_003491.3,104,18,0
1236,MIAT,4,NR_033319.2,100,18,0
1237,MIAT,4,NR_033320.2,100,18,0
1238,MIAT,4,NR_033321.2,101,18,0
1239,MIAT,4,NR_003491.3,104,18,0
1240,MIAT,4,NR_033319.2,100,18,0
1241,MIAT,4,NR_033320.2,100,18,0
1242,MIAT,4,NR_033321.2,101,18,0
1243,MIR100HG,23,NR_024430.2,8,0,0
1244,MIR100HG,23,NR_137175.1,10,0,0
1245,MIR100HG,23,NR_137176.1,6,0,0
1246,MIR100HG,23,NR_137177.1,6,0,0
1247,MIR100HG,23,NR_137178.1,7,0,0
1248,MIR100HG,23,NR_137179.1,6,0,0
1249,MIR100HG,23,NR_137180.1,7,0,0
1250,MIR100HG,23,NR_137181.1,8,0,0
1251,MIR100HG,23,NR_137182.1,8,0,0
1252,MIR100HG,23,NR_137183.1,4,0,0
1253,MIR100HG,23,NR_137184.1,4,0,0
1254,MIR100HG,23,NR_137185.1,4,0,0
1255,MIR100HG,23,NR_137186.1,5,0,0
1256,MIR100HG,23,NR_137187.1,5,0,0
1257,MIR100HG,23,NR_137188.1,7,0,0
1258,MIR100HG,23,NR_137189.1,10,0,0
1259,MIR100HG,23,NR_137190.1,11,0,0
1260,MIR100HG,23,NR_137191.1,12,0,0
1261,MIR100HG,23,NR_137192.1,4,0,0
1262,MIR100HG,23,NR_137193.1,7,0,0
1263,MIR100HG,23,NR_137194.1,7,0,0
1264,MIR100HG,23,NR_137195.1,7,1,0
1265,MIR100HG,23,NR_137196.1,7,1,0
1266,MIR100HG,23,NR_024430.2,8,0,0
1267,MIR100HG,23,NR_137175.1,10,0,0
1268,MIR100HG,23,NR_137176.1,6,0,0
1269,MIR100HG,23,NR_137177.1,6,0,0
1270,MIR100HG,23,NR_137178.1,7,0,0
1271,MIR100HG,23,NR_137179.1,6,0,0
1272,MIR100HG,23,NR_137180.1,7,0,0
1273,MIR100HG,23,NR_137181.1,8,0,0
1274,MIR100HG,23,NR_137182.1,8,0,0
1275,MIR100HG,23,NR_137183.1,4,0,0
1276,MIR100HG,23,NR_137184.1,4,0,0
1277,MIR100HG,23,NR_137185.1,4,0,0
1278,MIR100HG,23,NR_137186.1,5,0,0
1279,MIR100HG,23,NR_137187.1,5,0,0
1280,MIR100HG,23,NR_137188.1,7,0,0
1281,MIR100HG,23,NR_137189.1,10,0,0
1282,MIR100HG,23,NR_137190.1,11,0,0
1283,MIR100HG,23,NR_137191.1,12,0,0
1284,MIR100HG,23,NR_137192.1,4,0,0
1285,MIR100HG,23,NR_137193.1,7,0,0
1286,MIR100HG,23,NR_137194.1,7,0,0
1287,MIR100HG,23,NR_137195.1,7,1,0
1288,MIR100HG,23,NR_137196.1,7,1,0
1289,MIR155HG,1,NR_001458.3,5,0,0
1290,MIR17HG,2,NR_027350.1,18,1,0
1291,MIR17HG,2,NR_027349.1,3,1,0
1292,MIR22HG,4,NR_028502.1,20,2,0
1293,MIR22HG,4,NR_028503.1,15,1,0
1294,MIR22HG,4,NR_028504.1,9,1,0
1295,MIR22HG,4,NR_028505.1,9,1,0
1296,MIR503HG,1,NR_024607.1,6,0,0
1297,MIR600HG,1,NR_026677.1,66,6,0
1298,"MLK7-AS1
MAP3K20-AS1",1,NR_033882.1,10,0,0
1299,MNX1-AS1,1,NR_038835.1,10,2,0
1300,"MORT
ZNF667-AS1",2,NR_036521.1,9,1,0
1301,"MORT
ZNF667-AS1",2,NR_036522.1,4,1,0
1302,"MYCLo-5
LPP-AS2",1,NR_036497.1,18,0,0
1303,MYCNOS,3,NR_110230.2,10,1,0
1304,MYCNOS,3,NR_161162.1,5,2,0
1305,MYCNOS,3,NR_161163.1,8,1,0
1306,"MYU
VPS9D1-AS1",1,NR_036480.1,16,4,0
1307,"Nbla12061
SNHG16",4,NR_038108.1,9,0,0
1308,"Nbla12061
SNHG16",4,NR_038109.1,9,0,0
1309,"Nbla12061
SNHG16",4,NR_038110.1,8,0,0
1310,"Nbla12061
SNHG16",4,NR_038111.1,8,0,0
1311,NBR2,2,NR_003108.2,16,0,0
1312,NBR2,2,NR_138145.1,10,0,0
1313,NBR2,2,NR_003108.2,16,0,0
1314,NBR2,2,NR_138145.1,10,0,0
1315,"NCRNA00028
LINC00028",1,NR_024358.1,8,0,0
1316,ncRuPAR,1,NR_028375.2,6,0,0
1317,NEAT1,2,NR_131012.1,134,16,0
1318,NEAT1,2,NR_028272.1,33,8,0
1319,NEAT1,2,NR_131012.1,134,16,0
1320,NEAT1,2,NR_028272.1,33,8,0
1321,NEAT1,2,NR_131012.1,134,16,0
1322,NEAT1,2,NR_028272.1,33,8,0
1323,NEAT1,2,NR_131012.1,134,16,0
1324,NEAT1,2,NR_028272.1,33,8,0
1325,NEAT1,2,NR_131012.1,134,16,0
1326,NEAT1,2,NR_028272.1,33,8,0
1327,NEAT1,2,NR_131012.1,134,16,0
1328,NEAT1,2,NR_028272.1,33,8,0
1329,NEAT1,2,NR_131012.1,134,16,0
1330,NEAT1,2,NR_028272.1,33,8,0
1331,NEAT1,2,NR_131012.1,134,16,0
1332,NEAT1,2,NR_028272.1,33,8,0
1333,NEAT1,2,NR_131012.1,134,16,0
1334,NEAT1,2,NR_028272.1,33,8,0
1335,NEAT1,2,NR_131012.1,134,16,0
1336,NEAT1,2,NR_028272.1,33,8,0
1337,NEAT1,2,NR_131012.1,134,16,0
1338,NEAT1,2,NR_028272.1,33,8,0
1339,NEAT1,2,NR_131012.1,134,16,0
1340,NEAT1,2,NR_028272.1,33,8,0
1341,NEAT1,2,NR_131012.1,134,16,0
1342,NEAT1,2,NR_028272.1,33,8,0
1343,NKILA,1,NR_131157.1,26,2,0
1344,NNT-AS1,1,NR_073113.1,15,0,0
1345,NORAD,1,NR_027451.1,25,5,0
1346,NR2F2-AS1,3,NR_102743.1,9,0,0
1347,NR2F2-AS1,3,NR_102744.1,4,0,0
1348,NR2F2-AS1,3,NR_125738.1,3,0,0
1349,NR2F2-AS1,3,NR_102743.1,9,0,0
1350,NR2F2-AS1,3,NR_102744.1,4,0,0
1351,NR2F2-AS1,3,NR_125738.1,3,0,0
1352,NR4A1AS,1,NR_170321.1,6,2,0
1353,"NR_015441
LOC652276",1,NR_015441.1,20,1,0
1354,"NR_033374
SLC25A25-AS1",1,NR_033374.1,29,1,0
1355,"NR_033878
LINC00944",1,NR_033878.1,3,0,0
1356,"NR_036537
RAB6C-AS1",1,NR_036537.1,12,0,0
1357,"NR_037661
FKBP1A-SDCBP2",1,NR_037661.1,18,3,0
1358,"NR_038990
EHHADH-AS1",1,NR_038990.1,8,0,0
1359,"NR_045617
SMPX_Variant 2",1,NR_045617.2,4,0,0
1360,"NR_046321
GPX2_Variant 3",1,NR_046321.2,9,0,0
1361,"NR_046711
POU6F2-AS1",1,NR_046711.1,2,0,0
1362,"NR_110882
LOC102724596_Variant 1",1,NR_110882.1,4,0,0
1363,OIP5-AS1,4,NR_026757.2,30,0,0
1364,OIP5-AS1,4,NR_152820.1,26,0,0
1365,OIP5-AS1,4,NR_152821.1,6,0,0
1366,OIP5-AS1,4,NR_152822.1,31,0,0
1367,OIP5-AS1,4,NR_026757.2,30,0,0
1368,OIP5-AS1,4,NR_152820.1,26,0,0
1369,OIP5-AS1,4,NR_152821.1,6,0,0
1370,OIP5-AS1,4,NR_152822.1,31,0,0
1371,OIP5-AS1,4,NR_026757.2,30,0,0
1372,OIP5-AS1,4,NR_152820.1,26,0,0
1373,OIP5-AS1,4,NR_152821.1,6,0,0
1374,OIP5-AS1,4,NR_152822.1,31,0,0
1375,PANDAR,1,NR_109836.1,6,0,0
1376,PANDAR,1,NR_109836.1,6,0,0
1377,PANDAR,1,NR_109836.1,6,0,0
1378,PANDAR,1,NR_109836.1,6,0,0
1379,PART1,3,NR_024617.1,18,0,0
1380,PART1,3,NR_028508.1,11,0,0
1381,PART1,3,NR_028509.1,20,1,0
1382,PART1,3,NR_024617.1,18,0,0
1383,PART1,3,NR_028508.1,11,0,0
1384,PART1,3,NR_028509.1,20,1,0
1385,PART1,3,NR_024617.1,18,0,0
1386,PART1,3,NR_028508.1,11,0,0
1387,PART1,3,NR_028509.1,20,1,0
1388,PCAT1,1,NR_045262.2,14,0,0
1389,PCAT1,1,NR_045262.2,14,0,0
1390,PCAT1,1,NR_045262.2,14,0,0
1391,PCAT1,1,NR_045262.2,14,0,0
1392,PCAT1,1,NR_045262.2,14,0,0
1393,PCAT6,2,NR_046325.1,3,1,0
1394,PCAT6,2,NR_046326.1,2,1,0
1395,PGM5-AS1,3,NR_121191.1,6,0,0
1396,PGM5-AS1,3,NR_121192.1,3,0,0
1397,PGM5-AS1,3,NR_015423.2,4,0,0
1398,PICART1,1,NR_038230.1,24,3,0
1399,PINCR,1,NR_110387.1,6,0,0
1400,"PlncRNA-1
CBR3-AS1",3,NR_038892.1,10,0,0
1401,"PlncRNA-1
CBR3-AS1",3,NR_038893.1,9,0,0
1402,"PlncRNA-1
CBR3-AS1",3,NR_038894.1,6,0,0
1403,"PlncRNA-1
CBR3-AS1",3,NR_038892.1,10,0,0
1404,"PlncRNA-1
CBR3-AS1",3,NR_038893.1,9,0,0
1405,"PlncRNA-1
CBR3-AS1",3,NR_038894.1,6,0,0
1406,POU6F2-AS2,1,NR_138047.1,8,0,0
1407,PRKCQ-AS1,2,NR_036502.1,11,1,0
1408,PRKCQ-AS1,2,NR_036503.1,11,1,0
1409,PRNCR1,1,NR_109833.1,60,1,0
1410,PRNCR1,1,NR_109833.1,60,1,0
1411,PVT1,1,NR_003367.3,13,1,0
1412,PVT1,1,NR_003367.3,13,1,0
1413,PVT1,1,NR_003367.3,13,1,0
1414,PVT1,1,NR_003367.3,13,1,0
1415,PVT1,1,NR_003367.3,13,1,0
1416,PVT1,1,NR_003367.3,13,1,0
1417,PVT1,1,NR_003367.3,13,1,0
1418,PVT1,1,NR_003367.3,13,1,0
1419,PVT1,1,NR_003367.3,13,1,0
1420,PVT1,1,NR_003367.3,13,1,0
1421,PVT1,1,NR_003367.3,13,1,0
1422,PVT1,1,NR_003367.3,13,1,0
1423,PVT1,1,NR_003367.3,13,1,0
1424,PVT1,1,NR_003367.3,13,1,0
1425,RBM5-AS1,1,NR_045388.1,1,1,0
1426,"RNCR3
MIR124-1HG",1,NR_024281.1,23,2,0
1427,ROR1-AS1,2,NR_110665.1,7,0,0
1428,ROR1-AS1,2,NR_110666.1,11,0,0
1429,ROR1-AS1,2,NR_110665.1,7,0,0
1430,ROR1-AS1,2,NR_110666.1,11,0,0
1431,ROR1-AS1,2,NR_110665.1,7,0,0
1432,ROR1-AS1,2,NR_110666.1,11,0,0
1433,ROR1-AS1,2,NR_110665.1,7,0,0
1434,ROR1-AS1,2,NR_110666.1,11,0,0
1435,"RPL34-AS1
RPL34-DT",1,NR_026968.1,18,0,0
1436,RPPH1,1,NR_002312.1,6,0,0
1437,RUNX1-IT1,1,NR_026812.1,9,1,0
1438,SATB1-AS1,1,NR_125803.1,5,2,0
1439,SATB2-AS1,1,NR_026830.1,20,3,0
1440,SATB2-AS1,1,NR_026830.1,20,3,0
1441,SBDSP1,4,NR_024110.1,11,0,0
1442,SBDSP1,4,NR_024111.1,10,0,0
1443,SBDSP1,4,NR_001588.2,8,0,0
1444,SBDSP1,4,NR_024109.1,7,0,0
1445,SBDSP1,4,NR_024110.1,11,0,0
1446,SBDSP1,4,NR_024111.1,10,0,0
1447,SBDSP1,4,NR_001588.2,8,0,0
1448,SBDSP1,4,NR_024109.1,7,0,0
1449,SBF2-AS1,1,NR_036485.1,11,2,0
1450,SCARNA2,1,NR_003023.1,4,1,0
1451,SH3PXD2A-AS1,1,NR_038940.1,10,0,0
1452,SLCO4A1-AS1,1,NR_024470.1,15,1,0
1453,SLCO4A1-AS1,1,NR_024470.1,15,1,0
1454,SLCO4A1-AS1,1,NR_024470.1,15,1,0
1455,SLCO4A1-AS1,1,NR_024470.1,15,1,0
1456,SLCO4A1-AS1,1,NR_024470.1,15,1,0
1457,SNHG1,12,NR_003098.2,5,0,0
1458,SNHG1,12,NR_152575.1,9,0,0
1459,SNHG1,12,NR_152576.1,9,0,0
1460,SNHG1,12,NR_152577.1,4,0,0
1461,SNHG1,12,NR_152578.1,4,0,0
1462,SNHG1,12,NR_152579.1,4,0,0
1463,SNHG1,12,NR_152580.1,4,0,0
1464,SNHG1,12,NR_152581.1,4,0,0
1465,SNHG1,12,NR_152582.1,5,0,0
1466,SNHG1,12,NR_152583.1,3,0,0
1467,SNHG1,12,NR_152584.1,7,0,0
1468,SNHG1,12,NR_152585.1,7,0,0
1469,SNHG1,12,NR_003098.2,5,0,0
1470,SNHG1,12,NR_152575.1,9,0,0
1471,SNHG1,12,NR_152576.1,9,0,0
1472,SNHG1,12,NR_152577.1,4,0,0
1473,SNHG1,12,NR_152578.1,4,0,0
1474,SNHG1,12,NR_152579.1,4,0,0
1475,SNHG1,12,NR_152580.1,4,0,0
1476,SNHG1,12,NR_152581.1,4,0,0
1477,SNHG1,12,NR_152582.1,5,0,0
1478,SNHG1,12,NR_152583.1,3,0,0
1479,SNHG1,12,NR_152584.1,7,0,0
1480,SNHG1,12,NR_152585.1,7,0,0
1481,SNHG1,12,NR_003098.2,5,0,0
1482,SNHG1,12,NR_152575.1,9,0,0
1483,SNHG1,12,NR_152576.1,9,0,0
1484,SNHG1,12,NR_152577.1,4,0,0
1485,SNHG1,12,NR_152578.1,4,0,0
1486,SNHG1,12,NR_152579.1,4,0,0
1487,SNHG1,12,NR_152580.1,4,0,0
1488,SNHG1,12,NR_152581.1,4,0,0
1489,SNHG1,12,NR_152582.1,5,0,0
1490,SNHG1,12,NR_152583.1,3,0,0
1491,SNHG1,12,NR_152584.1,7,0,0
1492,SNHG1,12,NR_152585.1,7,0,0
1493,SNHG1,12,NR_003098.2,5,0,0
1494,SNHG1,12,NR_152575.1,9,0,0
1495,SNHG1,12,NR_152576.1,9,0,0
1496,SNHG1,12,NR_152577.1,4,0,0
1497,SNHG1,12,NR_152578.1,4,0,0
1498,SNHG1,12,NR_152579.1,4,0,0
1499,SNHG1,12,NR_152580.1,4,0,0
1500,SNHG1,12,NR_152581.1,4,0,0
1501,SNHG1,12,NR_152582.1,5,0,0
1502,SNHG1,12,NR_152583.1,3,0,0
1503,SNHG1,12,NR_152584.1,7,0,0
1504,SNHG1,12,NR_152585.1,7,0,0
1505,SNHG1,12,NR_003098.2,5,0,0
1506,SNHG1,12,NR_152575.1,9,0,0
1507,SNHG1,12,NR_152576.1,9,0,0
1508,SNHG1,12,NR_152577.1,4,0,0
1509,SNHG1,12,NR_152578.1,4,0,0
1510,SNHG1,12,NR_152579.1,4,0,0
1511,SNHG1,12,NR_152580.1,4,0,0
1512,SNHG1,12,NR_152581.1,4,0,0
1513,SNHG1,12,NR_152582.1,5,0,0
1514,SNHG1,12,NR_152583.1,3,0,0
1515,SNHG1,12,NR_152584.1,7,0,0
1516,SNHG1,12,NR_152585.1,7,0,0
1517,SNHG1,12,NR_003098.2,5,0,0
1518,SNHG1,12,NR_152575.1,9,0,0
1519,SNHG1,12,NR_152576.1,9,0,0
1520,SNHG1,12,NR_152577.1,4,0,0
1521,SNHG1,12,NR_152578.1,4,0,0
1522,SNHG1,12,NR_152579.1,4,0,0
1523,SNHG1,12,NR_152580.1,4,0,0
1524,SNHG1,12,NR_152581.1,4,0,0
1525,SNHG1,12,NR_152582.1,5,0,0
1526,SNHG1,12,NR_152583.1,3,0,0
1527,SNHG1,12,NR_152584.1,7,0,0
1528,SNHG1,12,NR_152585.1,7,0,0
1529,SNHG1,12,NR_003098.2,5,0,0
1530,SNHG1,12,NR_152575.1,9,0,0
1531,SNHG1,12,NR_152576.1,9,0,0
1532,SNHG1,12,NR_152577.1,4,0,0
1533,SNHG1,12,NR_152578.1,4,0,0
1534,SNHG1,12,NR_152579.1,4,0,0
1535,SNHG1,12,NR_152580.1,4,0,0
1536,SNHG1,12,NR_152581.1,4,0,0
1537,SNHG1,12,NR_152582.1,5,0,0
1538,SNHG1,12,NR_152583.1,3,0,0
1539,SNHG1,12,NR_152584.1,7,0,0
1540,SNHG1,12,NR_152585.1,7,0,0
1541,SNHG1,12,NR_003098.2,5,0,0
1542,SNHG1,12,NR_152575.1,9,0,0
1543,SNHG1,12,NR_152576.1,9,0,0
1544,SNHG1,12,NR_152577.1,4,0,0
1545,SNHG1,12,NR_152578.1,4,0,0
1546,SNHG1,12,NR_152579.1,4,0,0
1547,SNHG1,12,NR_152580.1,4,0,0
1548,SNHG1,12,NR_152581.1,4,0,0
1549,SNHG1,12,NR_152582.1,5,0,0
1550,SNHG1,12,NR_152583.1,3,0,0
1551,SNHG1,12,NR_152584.1,7,0,0
1552,SNHG1,12,NR_152585.1,7,0,0
1553,SNHG1,12,NR_003098.2,5,0,0
1554,SNHG1,12,NR_152575.1,9,0,0
1555,SNHG1,12,NR_152576.1,9,0,0
1556,SNHG1,12,NR_152577.1,4,0,0
1557,SNHG1,12,NR_152578.1,4,0,0
1558,SNHG1,12,NR_152579.1,4,0,0
1559,SNHG1,12,NR_152580.1,4,0,0
1560,SNHG1,12,NR_152581.1,4,0,0
1561,SNHG1,12,NR_152582.1,5,0,0
1562,SNHG1,12,NR_152583.1,3,0,0
1563,SNHG1,12,NR_152584.1,7,0,0
1564,SNHG1,12,NR_152585.1,7,0,0
1565,SNHG11,1,NR_003239.1,10,2,0
1566,SNHG12,8,NR_024127.2,8,0,0
1567,SNHG12,8,NR_146381.1,13,0,0
1568,SNHG12,8,NR_146382.1,9,0,0
1569,SNHG12,8,NR_146383.1,8,0,0
1570,SNHG12,8,NR_146384.1,13,0,0
1571,SNHG12,8,NR_146385.1,8,0,0
1572,SNHG12,8,NR_146386.1,8,0,0
1573,SNHG12,8,NR_146387.1,11,0,0
1574,SNHG12,8,NR_024127.2,8,0,0
1575,SNHG12,8,NR_146381.1,13,0,0
1576,SNHG12,8,NR_146382.1,9,0,0
1577,SNHG12,8,NR_146383.1,8,0,0
1578,SNHG12,8,NR_146384.1,13,0,0
1579,SNHG12,8,NR_146385.1,8,0,0
1580,SNHG12,8,NR_146386.1,8,0,0
1581,SNHG12,8,NR_146387.1,11,0,0
1582,SNHG14,1,NR_146177.1,175,1,0
1583,SNHG14,1,NR_146177.1,175,1,0
1584,SNHG14,1,NR_146177.1,175,1,0
1585,SNHG15,5,NR_003697.2,8,0,0
1586,SNHG15,5,NR_152594.1,7,0,0
1587,SNHG15,5,NR_152595.1,7,0,0
1588,SNHG15,5,NR_152596.1,8,0,0
1589,SNHG15,5,NR_152597.1,6,0,0
1590,SNHG15,5,NR_003697.2,8,0,0
1591,SNHG15,5,NR_152594.1,7,0,0
1592,SNHG15,5,NR_152595.1,7,0,0
1593,SNHG15,5,NR_152596.1,8,0,0
1594,SNHG15,5,NR_152597.1,6,0,0
1595,SNHG15,5,NR_003697.2,8,0,0
1596,SNHG15,5,NR_152594.1,7,0,0
1597,SNHG15,5,NR_152595.1,7,0,0
1598,SNHG15,5,NR_152596.1,8,0,0
1599,SNHG15,5,NR_152597.1,6,0,0
1600,SNHG15,5,NR_003697.2,8,0,0
1601,SNHG15,5,NR_152594.1,7,0,0
1602,SNHG15,5,NR_152595.1,7,0,0
1603,SNHG15,5,NR_152596.1,8,0,0
1604,SNHG15,5,NR_152597.1,6,0,0
1605,SNHG17,14,NR_015366.5,12,0,0
1606,SNHG17,14,NR_027241.3,12,0,0
1607,SNHG17,14,NR_152753.1,9,0,0
1608,SNHG17,14,NR_152754.1,14,0,0
1609,SNHG17,14,NR_152755.1,10,0,0
1610,SNHG17,14,NR_152756.1,10,0,0
1611,SNHG17,14,NR_152757.1,8,0,0
1612,SNHG17,14,NR_152758.1,12,0,0
1613,SNHG17,14,NR_152759.1,11,0,0
1614,SNHG17,14,NR_152760.1,11,0,0
1615,SNHG17,14,NR_152761.1,10,0,0
1616,SNHG17,14,NR_152762.1,8,0,0
1617,SNHG17,14,NR_152763.1,11,0,0
1618,SNHG17,14,NR_152764.1,10,0,0
1619,SNHG20,1,NR_027058.1,17,1,0
1620,SNHG3,2,NR_036473.1,18,0,0
1621,SNHG3,2,NR_002909.2,16,0,0
1622,SNHG3,2,NR_036473.1,18,0,0
1623,SNHG3,2,NR_002909.2,16,0,0
1624,SNHG5,1,NR_003038.2,2,0,0
1625,SNHG5,1,NR_003038.2,2,0,0
1626,SNHG6,4,NR_002599.2,4,0,0
1627,SNHG6,4,NR_152598.1,5,0,0
1628,SNHG6,4,NR_152599.1,3,0,0
1629,SNHG6,4,NR_152600.1,5,0,0
1630,SNHG6,4,NR_002599.2,4,0,0
1631,SNHG6,4,NR_152598.1,5,0,0
1632,SNHG6,4,NR_152599.1,3,0,0
1633,SNHG6,4,NR_152600.1,5,0,0
1634,SNHG6,4,NR_002599.2,4,0,0
1635,SNHG6,4,NR_152598.1,5,0,0
1636,SNHG6,4,NR_152599.1,3,0,0
1637,SNHG6,4,NR_152600.1,5,0,0
1638,SNHG6,4,NR_002599.2,4,0,0
1639,SNHG6,4,NR_152598.1,5,0,0
1640,SNHG6,4,NR_152599.1,3,0,0
1641,SNHG6,4,NR_152600.1,5,0,0
1642,SNHG6,4,NR_002599.2,4,0,0
1643,SNHG6,4,NR_152598.1,5,0,0
1644,SNHG6,4,NR_152599.1,3,0,0
1645,SNHG6,4,NR_152600.1,5,0,0
1646,SNHG6,4,NR_002599.2,4,0,0
1647,SNHG6,4,NR_152598.1,5,0,0
1648,SNHG6,4,NR_152599.1,3,0,0
1649,SNHG6,4,NR_152600.1,5,0,0
1650,SNHG6,4,NR_002599.2,4,0,0
1651,SNHG6,4,NR_152598.1,5,0,0
1652,SNHG6,4,NR_152599.1,3,0,0
1653,SNHG6,4,NR_152600.1,5,0,0
1654,SNHG6,4,NR_002599.2,4,0,0
1655,SNHG6,4,NR_152598.1,5,0,0
1656,SNHG6,4,NR_152599.1,3,0,0
1657,SNHG6,4,NR_152600.1,5,0,0
1658,SNHG7,3,NR_003672.2,23,5,0
1659,SNHG7,3,NR_024542.1,10,3,0
1660,SNHG7,3,NR_024543.1,9,3,0
1661,SNHG7,3,NR_003672.2,23,5,0
1662,SNHG7,3,NR_024542.1,10,3,0
1663,SNHG7,3,NR_024543.1,9,3,0
1664,SNHG7,3,NR_003672.2,23,5,0
1665,SNHG7,3,NR_024542.1,10,3,0
1666,SNHG7,3,NR_024543.1,9,3,0
1667,SNHG7,3,NR_003672.2,23,5,0
1668,SNHG7,3,NR_024542.1,10,3,0
1669,SNHG7,3,NR_024543.1,9,3,0
1670,SOX21-AS1,1,NR_046514.1,20,1,0
1671,"SOX2OT
SOX2-OT",6,NR_075091.1,18,0,0
1672,"SOX2OT
SOX2-OT",6,NR_075092.1,16,0,0
1673,"SOX2OT
SOX2-OT",6,NR_075093.1,13,0,0
1674,"SOX2OT
SOX2-OT",6,NR_004053.3,16,0,0
1675,"SOX2OT
SOX2-OT",6,NR_075089.1,15,0,0
1676,"SOX2OT
SOX2-OT",6,NR_075090.1,11,0,0
1677,SPINT1-AS1,3,NR_146466.1,8,2,0
1678,SPINT1-AS1,3,NR_146467.1,6,2,0
1679,SPINT1-AS1,3,NR_146468.1,7,2,0
1680,SPRY4-IT1,1,NR_131221.1,5,0,0
1681,SPRY4-IT1,1,NR_131221.1,5,0,0
1682,SPRY4-IT1,1,NR_131221.1,5,0,0
1683,SPRY4-IT1,1,NR_131221.1,5,0,0
1684,ST3GAL6-AS1,1,NR_046683.1,6,2,0
1685,STARD13-AS,1,NR_046693.1,3,0,0
1686,SUMO1P3,1,NR_002190.1,6,0,0
1687,SUMO1P3,1,NR_002190.1,6,0,0
1688,"THOR
THORLNC",1,NR_144530.1,4,0,0
1689,TINCR,1,NR_027064.3,30,10,0
1690,TINCR,1,NR_027064.3,30,10,0
1691,TINCR,1,NR_027064.3,30,10,0
1692,TINCR,1,NR_027064.3,30,10,0
1693,TMPO-AS1,1,NR_027157.1,17,1,0
1694,TP73-AS1,5,NR_033711.1,61,6,0
1695,TP73-AS1,5,NR_033710.1,52,6,0
1696,TP73-AS1,5,NR_033709.1,41,5,0
1697,TP73-AS1,5,NR_033708.1,33,5,0
1698,TP73-AS1,5,NR_033712.1,26,4,0
1699,TP73-AS1,5,NR_033711.1,61,6,0
1700,TP73-AS1,5,NR_033710.1,52,6,0
1701,TP73-AS1,5,NR_033709.1,41,5,0
1702,TP73-AS1,5,NR_033708.1,33,5,0
1703,TP73-AS1,5,NR_033712.1,26,4,0
1704,TPT1-AS1,1,NR_024458.1,12,0,0
1705,"TRERNA
TRERNA1",1,NR_051976.1,6,0,0
1706,TRPM2-AS,1,NR_109964.1,9,1,0
1707,TTN-AS1,2,NR_038272.1,32,0,0
1708,TTN-AS1,2,NR_038271.1,13,0,0
1709,TUG1,8,NR_110492.1,31,4,0
1710,TUG1,8,NR_110493.1,30,4,0
1711,TUG1,8,NR_002323.2,30,4,0
1712,TUG1,8,NR_152867.1,12,0,0
1713,TUG1,8,NR_152868.1,12,0,0
1714,TUG1,8,NR_152869.1,30,4,0
1715,TUG1,8,NR_152870.1,30,4,0
1716,TUG1,8,NR_152871.1,31,4,0
1717,TUG1,8,NR_110492.1,31,4,0
1718,TUG1,8,NR_110493.1,30,4,0
1719,TUG1,8,NR_002323.2,30,4,0
1720,TUG1,8,NR_152867.1,12,0,0
1721,TUG1,8,NR_152868.1,12,0,0
1722,TUG1,8,NR_152869.1,30,4,0
1723,TUG1,8,NR_152870.1,30,4,0
1724,TUG1,8,NR_152871.1,31,4,0
1725,TUG1,8,NR_110492.1,31,4,0
1726,TUG1,8,NR_110493.1,30,4,0
1727,TUG1,8,NR_002323.2,30,4,0
1728,TUG1,8,NR_152867.1,12,0,0
1729,TUG1,8,NR_152868.1,12,0,0
1730,TUG1,8,NR_152869.1,30,4,0
1731,TUG1,8,NR_152870.1,30,4,0
1732,TUG1,8,NR_152871.1,31,4,0
1733,TUG1,8,NR_110492.1,31,4,0
1734,TUG1,8,NR_110493.1,30,4,0
1735,TUG1,8,NR_002323.2,30,4,0
1736,TUG1,8,NR_152867.1,12,0,0
1737,TUG1,8,NR_152868.1,12,0,0
1738,TUG1,8,NR_152869.1,30,4,0
1739,TUG1,8,NR_152870.1,30,4,0
1740,TUG1,8,NR_152871.1,31,4,0
1741,TUG1,8,NR_110492.1,31,4,0
1742,TUG1,8,NR_110493.1,30,4,0
1743,TUG1,8,NR_002323.2,30,4,0
1744,TUG1,8,NR_152867.1,12,0,0
1745,TUG1,8,NR_152868.1,12,0,0
1746,TUG1,8,NR_152869.1,30,4,0
1747,TUG1,8,NR_152870.1,30,4,0
1748,TUG1,8,NR_152871.1,31,4,0
1749,TUG1,8,NR_110492.1,31,4,0
1750,TUG1,8,NR_110493.1,30,4,0
1751,TUG1,8,NR_002323.2,30,4,0
1752,TUG1,8,NR_152867.1,12,0,0
1753,TUG1,8,NR_152868.1,12,0,0
1754,TUG1,8,NR_152869.1,30,4,0
1755,TUG1,8,NR_152870.1,30,4,0
1756,TUG1,8,NR_152871.1,31,4,0
1757,TUG1,8,NR_110492.1,31,4,0
1758,TUG1,8,NR_110493.1,30,4,0
1759,TUG1,8,NR_002323.2,30,4,0
1760,TUG1,8,NR_152867.1,12,0,0
1761,TUG1,8,NR_152868.1,12,0,0
1762,TUG1,8,NR_152869.1,30,4,0
1763,TUG1,8,NR_152870.1,30,4,0
1764,TUG1,8,NR_152871.1,31,4,0
1765,TUG1,8,NR_110492.1,31,4,0
1766,TUG1,8,NR_110493.1,30,4,0
1767,TUG1,8,NR_002323.2,30,4,0
1768,TUG1,8,NR_152867.1,12,0,0
1769,TUG1,8,NR_152868.1,12,0,0
1770,TUG1,8,NR_152869.1,30,4,0
1771,TUG1,8,NR_152870.1,30,4,0
1772,TUG1,8,NR_152871.1,31,4,0
1773,TUG1,8,NR_110492.1,31,4,0
1774,TUG1,8,NR_110493.1,30,4,0
1775,TUG1,8,NR_002323.2,30,4,0
1776,TUG1,8,NR_152867.1,12,0,0
1777,TUG1,8,NR_152868.1,12,0,0
1778,TUG1,8,NR_152869.1,30,4,0
1779,TUG1,8,NR_152870.1,30,4,0
1780,TUG1,8,NR_152871.1,31,4,0
1781,TUG1,8,NR_110492.1,31,4,0
1782,TUG1,8,NR_110493.1,30,4,0
1783,TUG1,8,NR_002323.2,30,4,0
1784,TUG1,8,NR_152867.1,12,0,0
1785,TUG1,8,NR_152868.1,12,0,0
1786,TUG1,8,NR_152869.1,30,4,0
1787,TUG1,8,NR_152870.1,30,4,0
1788,TUG1,8,NR_152871.1,31,4,0
1789,UCA1,1,NR_015379.3,10,0,0
1790,UCA1,1,NR_015379.3,10,0,0
1791,UCA1,1,NR_015379.3,10,0,0
1792,UCA1,1,NR_015379.3,10,0,0
1793,UCA1,1,NR_015379.3,10,0,0
1794,UCA1,1,NR_015379.3,10,0,0
1795,UCA1,1,NR_015379.3,10,0,0
1796,UCA1,1,NR_015379.3,10,0,0
1797,UCA1,1,NR_015379.3,10,0,0
1798,UCA1,1,NR_015379.3,10,0,0
1799,UCA1,1,NR_015379.3,10,0,0
1800,UCA1,1,NR_015379.3,10,0,0
1801,UCA1,1,NR_015379.3,10,0,0
1802,UCA1,1,NR_015379.3,10,0,0
1803,UCA1,1,NR_015379.3,10,0,0
1804,UCA1,1,NR_015379.3,10,0,0
1805,UCA1,1,NR_015379.3,10,0,0
1806,UXT-AS1,1,NR_028119.1,3,0,1
1807,VIM-AS1,2,NR_108061.1,15,0,0
1808,VIM-AS1,2,NR_108060.1,4,0,0
1809,"WT1AS
WT1-AS",5,NR_120546.1,29,2,1
1810,"WT1AS
WT1-AS",5,NR_120547.1,22,1,1
1811,"WT1AS
WT1-AS",5,NR_023920.2,11,1,1
1812,"WT1AS
WT1-AS",5,NR_120548.1,12,1,0
1813,"WT1AS
WT1-AS",5,NR_120549.1,9,1,0
1814,XIRP2-AS1,1,NR_046665.1,5,0,0
1815,XIST,1,NR_001564.2,71,0,0
1816,XIST,1,NR_001564.2,71,0,0
1817,XIST,1,NR_001564.2,71,0,0
1818,XIST,1,NR_001564.2,71,0,0
1819,XIST,1,NR_001564.2,71,0,0
1820,XIST,1,NR_001564.2,71,0,0
1821,XIST,1,NR_001564.2,71,0,0
1822,XIST,1,NR_001564.2,71,0,0
1823,XIST,1,NR_001564.2,71,0,0
1824,XIST,1,NR_001564.2,71,0,0
1825,XIST,1,NR_001564.2,71,0,0
1826,XIST,1,NR_001564.2,71,0,0
1827,XIST,1,NR_001564.2,71,0,0
1828,"XLOC_000303
SLC44A3-AS1",7,NR_104131.2,7,0,0
1829,"XLOC_000303
SLC44A3-AS1",7,NR_160779.1,26,0,0
1830,"XLOC_000303
SLC44A3-AS1",7,NR_160780.1,26,0,0
1831,"XLOC_000303
SLC44A3-AS1",7,NR_160781.1,6,0,0
1832,"XLOC_000303
SLC44A3-AS1",7,NR_160782.1,7,0,0
1833,"XLOC_000303
SLC44A3-AS1",7,NR_160783.1,5,0,0
1834,"XLOC_000303
SLC44A3-AS1",7,NR_160784.1,4,0,0
1835,"XLOC_006844
LINC01617",1,NR_147034.1,8,2,0
1836,"XLOC_010588
TUSC8",1,NR_104174.1,9,0,0
1837,YWHAE,1,NR_024058.2,10,0,0
1838,ZDHHC8P1,1,NR_003950.1,26,1,0
1839,ZEB1-AS1,6,NR_024284.1,6,1,0
1840,ZEB1-AS1,6,NR_148975.1,5,0,0
1841,ZEB1-AS1,6,NR_148976.1,10,1,0
1842,ZEB1-AS1,6,NR_148977.1,12,2,0
1843,ZEB1-AS1,6,NR_148978.1,4,1,0
1844,ZEB1-AS1,6,NR_148979.1,4,1,0
1845,ZEB1-AS1,6,NR_024284.1,6,1,0
1846,ZEB1-AS1,6,NR_148975.1,5,0,0
1847,ZEB1-AS1,6,NR_148976.1,10,1,0
1848,ZEB1-AS1,6,NR_148977.1,12,2,0
1849,ZEB1-AS1,6,NR_148978.1,4,1,0
1850,ZEB1-AS1,6,NR_148979.1,4,1,0
1851,ZEB1-AS1,6,NR_024284.1,6,1,0
1852,ZEB1-AS1,6,NR_148975.1,5,0,0
1853,ZEB1-AS1,6,NR_148976.1,10,1,0
1854,ZEB1-AS1,6,NR_148977.1,12,2,0
1855,ZEB1-AS1,6,NR_148978.1,4,1,0
1856,ZEB1-AS1,6,NR_148979.1,4,1,0
1857,ZEB1-AS1,6,NR_024284.1,6,1,0
1858,ZEB1-AS1,6,NR_148975.1,5,0,0
1859,ZEB1-AS1,6,NR_148976.1,10,1,0
1860,ZEB1-AS1,6,NR_148977.1,12,2,0
1861,ZEB1-AS1,6,NR_148978.1,4,1,0
1862,ZEB1-AS1,6,NR_148979.1,4,1,0
1863,ZEB1-AS1,6,NR_024284.1,6,1,0
1864,ZEB1-AS1,6,NR_148975.1,5,0,0
1865,ZEB1-AS1,6,NR_148976.1,10,1,0
1866,ZEB1-AS1,6,NR_148977.1,12,2,0
1867,ZEB1-AS1,6,NR_148978.1,4,1,0
1868,ZEB1-AS1,6,NR_148979.1,4,1,0
1869,ZEB2-AS1,1,NR_040248.2,4,0,0
1870,ZEB2-AS1,1,NR_040248.2,4,0,0
1871,ZEB2-AS1,1,NR_040248.2,4,0,0
1872,ZFAS1,5,NR_003604.3,11,2,0
1873,ZFAS1,5,NR_003605.2,8,1,0
1874,ZFAS1,5,NR_003606.3,10,2,0
1875,ZFAS1,5,NR_036658.2,11,2,0
1876,ZFAS1,5,NR_036659.2,4,0,0
1877,ZFAS1,5,NR_003604.3,11,2,0
1878,ZFAS1,5,NR_003605.2,8,1,0
1879,ZFAS1,5,NR_003606.3,10,2,0
1880,ZFAS1,5,NR_036658.2,11,2,0
1881,ZFAS1,5,NR_036659.2,4,0,0
1882,ZFAS1,5,NR_003604.3,11,2,0
1883,ZFAS1,5,NR_003605.2,8,1,0
1884,ZFAS1,5,NR_003606.3,10,2,0
1885,ZFAS1,5,NR_036658.2,11,2,0
1886,ZFAS1,5,NR_036659.2,4,0,0
1887,ZFAS1,5,NR_003604.3,11,2,0
1888,ZFAS1,5,NR_003605.2,8,1,0
1889,ZFAS1,5,NR_003606.3,10,2,0
1890,ZFAS1,5,NR_036658.2,11,2,0
1891,ZFAS1,5,NR_036659.2,4,0,0
1892,ZFAS1,5,NR_003604.3,11,2,0
1893,ZFAS1,5,NR_003605.2,8,1,0
1894,ZFAS1,5,NR_003606.3,10,2,0
1895,ZFAS1,5,NR_036658.2,11,2,0
1896,ZFAS1,5,NR_036659.2,4,0,0
1897,ZFAS1,5,NR_003604.3,11,2,0
1898,ZFAS1,5,NR_003605.2,8,1,0
1899,ZFAS1,5,NR_003606.3,10,2,0
1900,ZFAS1,5,NR_036658.2,11,2,0
1901,ZFAS1,5,NR_036659.2,4,0,0
1902,ZFAS1,5,NR_003604.3,11,2,0
1903,ZFAS1,5,NR_003605.2,8,1,0
1904,ZFAS1,5,NR_003606.3,10,2,0
1905,ZFAS1,5,NR_036658.2,11,2,0
1906,ZFAS1,5,NR_036659.2,4,0,0
